order_item_id,order_id,product_id,quantity,unit_price
1,1,100,2,39.97
2,2,83,2,35.09
3,2,49,1,119.57
4,3,12,1,326.02
5,4,9,1,221.78
6,5,52,1,84.99
7,5,55,1,59.91
8,5,115,1,19.22
9,5,32,1,142.78
10,6,21,1,178.51
11,6,32,1,142.78
12,7,69,1,31.93
13,8,118,1,25.76
14,9,118,1,25.76
15,10,46,1,22.06
16,10,55,1,59.91
17,10,50,3,116.82
18,11,78,1,46.85
19,12,112,1,51.54
20,12,98,1,20.51
21,13,112,1,51.54
22,14,32,1,142.78
23,14,73,1,133.86
24,15,55,1,59.91
25,16,43,2,53.93
26,17,49,2,119.57
27,17,3,1,670.73
28,18,84,1,13.33
29,19,45,2,20.0
30,19,95,1,11.66
31,19,85,1,12.5
32,19,62,1,236.24
33,20,14,1,110.69
34,20,37,1,220.08
35,21,71,1,148.88
36,22,31,1,247.46
37,23,3,1,670.73
38,23,52,1,84.99
39,24,87,1,21.54
40,24,45,1,20.0
41,25,84,1,13.33
42,25,57,1,65.06
43,25,51,1,11.26
44,25,21,1,178.51
45,26,92,1,39.45
46,27,13,1,862.78
47,28,64,1,17.61
48,29,95,2,11.66
49,29,54,1,22.27
50,29,27,1,72.61
51,29,114,1,48.24
52,30,22,1,63.15
53,31,89,2,8.39
54,31,25,2,161.84
55,31,54,1,22.27
56,32,50,1,116.82
57,33,113,1,10.8
58,34,35,3,84.34
59,34,20,1,779.69
60,34,86,1,37.74
61,35,23,1,27.31
62,36,116,2,12.73
63,36,7,2,53.09
64,36,58,2,110.39
65,37,89,1,8.39
66,38,8,1,595.4
67,39,82,1,13.01
68,40,66,2,100.56
69,41,85,1,12.5
70,42,50,1,116.82
71,42,59,1,42.83
72,43,10,1,734.2
73,43,35,1,84.34
74,44,40,2,72.1
75,45,116,1,12.73
76,46,72,2,88.34
77,46,52,3,84.99
78,46,54,1,22.27
79,47,6,1,220.22
80,48,7,1,53.09
81,49,93,1,19.09
82,50,67,1,264.87
83,50,119,1,80.78
84,51,21,1,178.51
85,52,101,1,87.4
86,53,39,2,229.32
87,54,66,1,100.56
88,55,108,1,86.41
89,55,54,1,22.27
90,56,63,1,12.16
91,56,89,3,8.39
92,56,92,1,39.45
93,56,36,1,59.06
94,57,10,2,734.2
95,58,36,1,59.06
96,59,14,1,110.69
97,60,54,1,22.27
98,61,32,2,142.78
99,61,81,1,7.48
100,61,53,1,39.35
101,61,110,1,19.0
102,62,9,2,221.78
103,62,53,1,39.35
104,63,62,1,236.24
105,64,33,2,211.97
106,65,68,1,36.67
107,65,30,2,47.54
108,66,65,1,265.07
109,66,1,1,586.3
110,66,91,2,30.52
111,67,39,1,229.32
112,67,101,1,87.4
113,68,25,1,161.84
114,69,72,1,88.34
115,70,44,1,119.73
116,71,101,1,87.4
117,71,88,2,33.26
118,71,109,1,52.68
119,71,47,1,97.13
120,72,57,1,65.06
121,72,33,1,211.97
122,73,109,1,52.68
123,74,111,2,87.37
124,75,14,1,110.69
125,75,49,1,119.57
126,75,5,2,397.07
127,75,17,1,496.52
128,76,68,1,36.67
129,77,53,1,39.35
130,78,7,1,53.09
131,78,29,1,49.42
132,78,111,1,87.37
133,78,32,1,142.78
134,79,20,1,779.69
135,80,39,1,229.32
136,81,9,1,221.78
137,82,45,1,20.0
138,83,75,2,69.93
139,83,64,1,17.61
140,84,16,1,732.2
141,85,11,3,731.06
142,86,30,2,47.54
143,87,92,1,39.45
144,88,44,1,119.73
145,89,19,1,751.58
146,89,84,2,13.33
147,90,17,1,496.52
148,91,19,2,751.58
149,92,10,1,734.2
150,93,56,1,106.34
151,94,1,2,586.3
152,95,99,1,24.26
153,95,111,1,87.37
154,96,18,1,359.32
155,97,88,2,33.26
156,98,111,1,87.37
157,98,88,1,33.26
158,98,116,1,12.73
159,98,96,3,19.77
160,99,64,1,17.61
161,99,78,1,46.85
162,100,24,1,32.44
163,100,101,1,87.4
164,100,88,1,33.26
165,101,101,1,87.4
166,102,24,2,32.44
167,102,94,1,35.16
168,103,113,1,10.8
169,104,4,1,806.2
170,104,93,1,19.09
171,105,11,1,731.06
172,106,10,2,734.2
173,107,92,1,39.45
174,108,64,1,17.61
175,109,109,1,52.68
176,110,42,1,74.3
177,111,79,2,109.37
178,111,10,1,734.2
179,111,95,1,11.66
180,112,53,1,39.35
181,113,88,1,33.26
182,113,43,1,53.93
183,114,64,1,17.61
184,114,89,1,8.39
185,114,52,2,84.99
186,114,86,2,37.74
187,115,77,1,138.17
188,115,117,1,55.98
189,116,17,1,496.52
190,117,24,1,32.44
191,118,1,2,586.3
192,118,63,1,12.16
193,119,94,1,35.16
194,119,61,1,231.6
195,120,89,1,8.39
196,120,91,1,30.52
197,120,51,1,11.26
198,120,116,2,12.73
199,121,113,1,10.8
200,122,107,1,44.22
201,123,79,2,109.37
202,123,102,1,77.29
203,124,14,2,110.69
204,125,61,1,231.6
205,126,103,1,46.79
206,126,21,1,178.51
207,127,42,1,74.3
208,128,16,1,732.2
209,128,67,1,264.87
210,128,75,1,69.93
211,128,109,1,52.68
212,129,51,1,11.26
213,130,119,1,80.78
214,130,38,1,166.62
215,131,34,1,63.43
216,131,32,1,142.78
217,131,120,1,55.94
218,132,88,1,33.26
219,132,74,1,167.32
220,133,94,3,35.16
221,134,40,2,72.1
222,134,43,2,53.93
223,135,64,1,17.61
224,136,94,1,35.16
225,136,102,1,77.29
226,136,49,3,119.57
227,137,72,1,88.34
228,138,46,3,22.06
229,138,84,1,13.33
230,138,101,2,87.4
231,139,75,1,69.93
232,140,108,1,86.41
233,140,93,1,19.09
234,141,80,1,78.27
235,142,112,1,51.54
236,142,66,1,100.56
237,142,51,1,11.26
238,142,22,1,63.15
239,143,106,1,28.28
240,144,41,1,71.75
241,145,26,1,97.58
242,145,37,1,220.08
243,145,81,1,7.48
244,146,60,1,76.99
245,146,102,1,77.29
246,146,107,3,44.22
247,146,95,1,11.66
248,147,44,2,119.73
249,147,27,1,72.61
250,147,83,1,35.09
251,148,59,1,42.83
252,149,109,1,52.68
253,149,50,2,116.82
254,149,69,1,31.93
255,150,59,3,42.83
256,151,31,1,247.46
257,152,49,1,119.57
258,152,31,2,247.46
259,153,14,1,110.69
260,154,81,2,7.48
261,154,78,1,46.85
262,155,114,1,48.24
263,155,106,3,28.28
264,156,6,1,220.22
265,156,73,1,133.86
266,156,31,1,247.46
267,157,94,1,35.16
268,157,11,1,731.06
269,157,55,2,59.91
270,158,29,1,49.42
271,158,104,1,39.69
272,159,27,1,72.61
273,159,96,1,19.77
274,159,102,1,77.29
275,159,42,2,74.3
276,160,27,1,72.61
277,161,62,1,236.24
278,162,19,1,751.58
279,163,95,1,11.66
280,163,106,1,28.28
281,164,111,1,87.37
282,165,97,2,13.74
283,166,98,2,20.51
284,167,87,1,21.54
285,167,75,1,69.93
286,168,107,1,44.22
287,169,37,1,220.08
288,170,47,2,97.13
289,170,10,1,734.2
290,171,91,1,30.52
291,172,73,1,133.86
292,172,113,1,10.8
293,173,118,1,25.76
294,174,112,2,51.54
295,175,56,1,106.34
296,175,108,3,86.41
297,175,85,2,12.5
298,176,102,1,77.29
299,177,87,1,21.54
300,178,92,1,39.45
301,178,86,1,37.74
302,178,91,1,30.52
303,179,77,1,138.17
304,180,65,1,265.07
305,181,29,1,49.42
306,182,95,1,11.66
307,182,45,1,20.0
308,183,14,1,110.69
309,184,57,1,65.06
310,184,32,1,142.78
311,184,77,1,138.17
312,185,107,1,44.22
313,185,12,1,326.02
314,186,32,1,142.78
315,186,20,1,779.69
316,187,29,2,49.42
317,187,65,1,265.07
318,187,68,1,36.67
319,188,104,2,39.69
320,188,87,1,21.54
321,189,70,1,232.56
322,190,56,2,106.34
323,190,22,1,63.15
324,190,23,1,27.31
325,191,33,1,211.97
326,191,6,1,220.22
327,191,43,1,53.93
328,192,49,3,119.57
329,192,62,1,236.24
330,193,97,1,13.74
331,194,86,1,37.74
332,195,115,2,19.22
333,196,59,1,42.83
334,196,9,1,221.78
335,197,75,1,69.93
336,197,18,1,359.32
337,197,113,3,10.8
338,198,50,1,116.82
339,198,68,1,36.67
340,199,90,1,19.83
341,200,56,1,106.34
342,201,13,2,862.78
343,201,53,1,39.35
344,201,66,1,100.56
345,201,33,1,211.97
346,202,69,1,31.93
347,203,86,3,37.74
348,203,106,1,28.28
349,204,27,1,72.61
350,205,77,2,138.17
351,206,93,1,19.09
352,206,62,2,236.24
353,207,58,1,110.39
354,208,8,3,595.4
355,209,72,1,88.34
356,210,22,1,63.15
357,211,2,3,269.28
358,212,1,1,586.3
359,213,56,3,106.34
360,213,39,1,229.32
361,213,27,1,72.61
362,214,79,1,109.37
363,215,74,1,167.32
364,215,78,1,46.85
365,216,82,1,13.01
366,216,106,1,28.28
367,216,5,1,397.07
368,217,64,3,17.61
369,218,39,2,229.32
370,219,39,1,229.32
371,219,33,2,211.97
372,219,84,1,13.33
373,220,25,1,161.84
374,220,12,1,326.02
375,221,109,1,52.68
376,222,32,1,142.78
377,223,12,1,326.02
378,223,58,1,110.39
379,223,45,1,20.0
380,224,78,1,46.85
381,225,102,1,77.29
382,225,103,1,46.79
383,226,91,1,30.52
384,227,114,1,48.24
385,228,71,1,148.88
386,228,1,2,586.3
387,229,5,2,397.07
388,230,116,2,12.73
389,230,48,1,16.99
390,231,99,1,24.26
391,231,45,1,20.0
392,231,5,2,397.07
393,232,23,1,27.31
394,233,14,1,110.69
395,233,4,3,806.2
396,234,94,1,35.16
397,235,3,1,670.73
398,235,2,1,269.28
399,236,53,1,39.35
400,237,83,1,35.09
401,238,87,1,21.54
402,239,58,1,110.39
403,240,11,2,731.06
404,241,62,2,236.24
405,242,6,1,220.22
406,243,41,1,71.75
407,244,62,1,236.24
408,244,72,1,88.34
409,245,4,1,806.2
410,245,30,1,47.54
411,245,41,1,71.75
412,245,53,1,39.35
413,246,33,1,211.97
414,247,79,2,109.37
415,248,27,1,72.61
416,248,68,1,36.67
417,248,18,2,359.32
418,248,44,2,119.73
419,249,109,3,52.68
420,249,85,2,12.5
421,249,112,3,51.54
422,249,59,2,42.83
423,250,90,1,19.83
424,251,99,3,24.26
425,252,39,1,229.32
426,252,42,1,74.3
427,253,23,1,27.31
428,254,60,1,76.99
429,254,111,1,87.37
430,255,106,1,28.28
431,255,56,1,106.34
432,255,72,1,88.34
433,255,100,1,39.97
434,256,55,1,59.91
435,257,63,1,12.16
436,257,39,2,229.32
437,258,14,1,110.69
438,258,101,1,87.4
439,258,67,1,264.87
440,259,60,1,76.99
441,259,35,1,84.34
442,259,99,1,24.26
443,260,110,2,19.0
444,260,73,1,133.86
445,260,61,2,231.6
446,261,115,2,19.22
447,262,94,3,35.16
448,263,75,1,69.93
449,264,10,1,734.2
450,265,104,1,39.69
451,266,93,1,19.09
452,267,95,1,11.66
453,268,107,1,44.22
454,268,5,3,397.07
455,269,86,2,37.74
456,270,61,1,231.6
457,270,48,1,16.99
458,270,110,2,19.0
459,271,70,1,232.56
460,272,93,3,19.09
461,273,14,1,110.69
462,273,80,1,78.27
463,274,40,2,72.1
464,274,4,1,806.2
465,275,43,1,53.93
466,276,102,1,77.29
467,276,4,1,806.2
468,276,46,3,22.06
469,276,29,1,49.42
470,277,42,1,74.3
471,277,62,1,236.24
472,277,66,2,100.56
473,278,2,1,269.28
474,278,41,1,71.75
475,278,8,1,595.4
476,279,100,3,39.97
477,279,94,1,35.16
478,280,50,1,116.82
479,280,84,1,13.33
480,281,3,1,670.73
481,281,115,1,19.22
482,282,113,1,10.8
483,282,88,1,33.26
484,282,14,1,110.69
485,282,93,1,19.09
486,283,69,1,31.93
487,284,27,1,72.61
488,285,98,1,20.51
489,285,15,1,767.32
490,286,18,1,359.32
491,287,24,1,32.44
492,288,97,1,13.74
493,289,15,3,767.32
494,290,19,1,751.58
495,290,40,3,72.1
496,290,117,1,55.98
497,291,90,1,19.83
498,292,99,1,24.26
499,292,62,2,236.24
500,293,22,1,63.15
501,294,108,1,86.41
502,294,43,1,53.93
503,294,53,2,39.35
504,295,1,1,586.3
505,296,109,1,52.68
506,297,23,1,27.31
507,297,95,1,11.66
508,298,89,1,8.39
509,298,63,3,12.16
510,298,79,1,109.37
511,298,54,1,22.27
512,299,46,1,22.06
513,300,104,1,39.69
514,301,20,1,779.69
515,301,74,2,167.32
516,301,21,2,178.51
517,302,82,1,13.01
518,303,115,1,19.22
519,304,89,1,8.39
520,305,77,1,138.17
521,306,43,1,53.93
522,306,51,1,11.26
523,307,42,2,74.3
524,308,56,1,106.34
525,308,11,1,731.06
526,308,99,1,24.26
527,309,96,2,19.77
528,310,40,1,72.1
529,311,57,1,65.06
530,311,42,1,74.3
531,311,58,1,110.39
532,311,39,1,229.32
533,312,54,1,22.27
534,312,111,3,87.37
535,313,51,1,11.26
536,313,21,1,178.51
537,313,109,2,52.68
538,314,4,1,806.2
539,315,1,1,586.3
540,315,74,2,167.32
541,316,36,3,59.06
542,317,71,2,148.88
543,318,19,1,751.58
544,318,9,1,221.78
545,318,36,2,59.06
546,319,74,1,167.32
547,319,13,1,862.78
548,320,7,3,53.09
549,320,88,1,33.26
550,321,14,2,110.69
551,321,101,1,87.4
552,321,29,1,49.42
553,322,51,1,11.26
554,323,58,1,110.39
555,323,22,1,63.15
556,324,58,1,110.39
557,325,115,2,19.22
558,326,3,1,670.73
559,326,13,1,862.78
560,326,105,1,37.83
561,327,92,1,39.45
562,327,22,1,63.15
563,327,26,1,97.58
564,328,34,1,63.43
565,328,76,1,298.6
566,328,27,1,72.61
567,329,23,1,27.31
568,329,10,1,734.2
569,330,83,1,35.09
570,331,79,1,109.37
571,331,69,1,31.93
572,332,93,1,19.09
573,332,51,1,11.26
574,333,19,1,751.58
575,334,40,1,72.1
576,335,18,1,359.32
577,335,104,1,39.69
578,336,95,1,11.66
579,337,90,1,19.83
580,337,57,1,65.06
581,338,24,1,32.44
582,338,60,1,76.99
583,339,19,1,751.58
584,339,102,1,77.29
585,340,28,1,164.82
586,340,4,1,806.2
587,341,60,1,76.99
588,342,7,1,53.09
589,343,47,1,97.13
590,343,12,1,326.02
591,344,38,1,166.62
592,345,74,3,167.32
593,346,79,1,109.37
594,346,93,1,19.09
595,347,83,1,35.09
596,347,88,1,33.26
597,347,65,1,265.07
598,347,46,1,22.06
599,348,55,1,59.91
600,349,105,2,37.83
601,349,21,1,178.51
602,350,57,1,65.06
603,351,54,3,22.27
604,352,32,1,142.78
605,353,23,1,27.31
606,354,118,1,25.76
607,355,111,1,87.37
608,355,27,1,72.61
609,355,120,1,55.94
610,355,44,1,119.73
611,356,5,1,397.07
612,357,40,3,72.1
613,358,17,1,496.52
614,359,51,1,11.26
615,359,66,1,100.56
616,360,45,1,20.0
617,361,16,1,732.2
618,362,50,3,116.82
619,363,84,1,13.33
620,363,35,1,84.34
621,363,86,1,37.74
622,363,29,1,49.42
623,364,116,1,12.73
624,364,34,1,63.43
625,365,7,1,53.09
626,366,107,1,44.22
627,366,108,1,86.41
628,367,19,1,751.58
629,367,59,1,42.83
630,368,56,1,106.34
631,369,69,1,31.93
632,369,39,1,229.32
633,370,1,1,586.3
634,371,85,1,12.5
635,371,62,2,236.24
636,371,63,1,12.16
637,371,29,1,49.42
638,372,75,1,69.93
639,373,98,2,20.51
640,373,13,2,862.78
641,373,56,1,106.34
642,374,14,1,110.69
643,375,68,1,36.67
644,376,35,1,84.34
645,377,110,1,19.0
646,378,17,2,496.52
647,378,118,1,25.76
648,379,113,1,10.8
649,380,91,1,30.52
650,381,74,1,167.32
651,381,109,1,52.68
652,381,18,3,359.32
653,381,29,1,49.42
654,382,100,1,39.97
655,383,112,1,51.54
656,383,48,1,16.99
657,384,17,1,496.52
658,385,61,1,231.6
659,385,45,1,20.0
660,385,11,2,731.06
661,386,78,1,46.85
662,386,80,2,78.27
663,386,61,2,231.6
664,387,2,1,269.28
665,387,78,2,46.85
666,387,89,1,8.39
667,388,117,1,55.98
668,388,79,1,109.37
669,389,65,2,265.07
670,389,105,1,37.83
671,389,41,1,71.75
672,389,25,3,161.84
673,390,67,1,264.87
674,391,96,1,19.77
675,392,6,2,220.22
676,392,85,1,12.5
677,392,75,1,69.93
678,393,66,1,100.56
679,394,56,2,106.34
680,395,67,1,264.87
681,396,94,1,35.16
682,397,12,1,326.02
683,398,39,1,229.32
684,398,63,1,12.16
685,398,52,1,84.99
686,399,95,1,11.66
687,399,100,1,39.97
688,400,106,1,28.28
689,401,68,2,36.67
690,401,88,2,33.26
691,401,43,1,53.93
692,402,100,1,39.97
693,402,17,2,496.52
694,402,95,1,11.66
695,403,19,1,751.58
696,403,60,1,76.99
697,404,37,3,220.08
698,405,96,1,19.77
699,405,28,1,164.82
700,405,95,1,11.66
701,406,73,2,133.86
702,406,84,1,13.33
703,407,113,1,10.8
704,407,90,1,19.83
705,408,63,1,12.16
706,409,89,1,8.39
707,409,50,1,116.82
708,409,67,1,264.87
709,410,33,1,211.97
710,410,65,2,265.07
711,410,40,1,72.1
712,411,47,1,97.13
713,412,6,1,220.22
714,412,76,1,298.6
715,412,74,3,167.32
716,413,117,2,55.98
717,414,76,1,298.6
718,414,36,1,59.06
719,414,104,1,39.69
720,414,9,1,221.78
721,415,10,1,734.2
722,415,14,1,110.69
723,416,104,3,39.69
724,417,55,1,59.91
725,418,34,1,63.43
726,418,4,1,806.2
727,419,44,1,119.73
728,419,84,1,13.33
729,419,91,1,30.52
730,419,52,2,84.99
731,420,50,1,116.82
732,421,74,1,167.32
733,421,20,1,779.69
734,422,66,1,100.56
735,423,15,1,767.32
736,423,12,1,326.02
737,424,8,1,595.4
738,425,92,1,39.45
739,425,86,2,37.74
740,426,78,1,46.85
741,426,101,1,87.4
742,427,55,3,59.91
743,428,90,1,19.83
744,428,101,2,87.4
745,428,69,1,31.93
746,429,43,2,53.93
747,430,48,2,16.99
748,431,56,1,106.34
749,431,60,1,76.99
750,432,61,1,231.6
751,432,120,1,55.94
752,432,70,2,232.56
753,432,21,2,178.51
754,433,27,3,72.61
755,434,116,1,12.73
756,435,1,2,586.3
757,435,92,1,39.45
758,435,49,2,119.57
759,435,94,1,35.16
760,436,1,1,586.3
761,436,96,1,19.77
762,437,87,2,21.54
763,437,5,1,397.07
764,438,1,2,586.3
765,438,68,1,36.67
766,438,64,1,17.61
767,439,24,1,32.44
768,440,46,1,22.06
769,440,33,1,211.97
770,441,27,1,72.61
771,441,43,2,53.93
772,442,104,1,39.69
773,442,106,1,28.28
774,442,61,1,231.6
775,443,4,1,806.2
776,443,10,1,734.2
777,443,13,1,862.78
778,443,83,1,35.09
779,444,70,1,232.56
780,445,24,1,32.44
781,446,45,1,20.0
782,446,95,1,11.66
783,446,34,1,63.43
784,447,88,2,33.26
785,447,47,1,97.13
786,447,117,1,55.98
787,448,109,1,52.68
788,449,49,1,119.57
789,449,70,1,232.56
790,450,60,2,76.99
791,450,109,2,52.68
792,450,87,1,21.54
793,451,23,1,27.31
794,451,102,3,77.29
795,451,63,1,12.16
796,451,33,3,211.97
797,452,81,1,7.48
798,452,96,1,19.77
799,452,116,1,12.73
800,453,117,1,55.98
801,453,76,1,298.6
802,453,70,1,232.56
803,454,3,1,670.73
804,455,57,2,65.06
805,456,21,1,178.51
806,457,74,1,167.32
807,457,41,1,71.75
808,457,38,1,166.62
809,457,4,1,806.2
810,458,103,1,46.79
811,459,116,3,12.73
812,460,57,1,65.06
813,461,31,1,247.46
814,462,28,2,164.82
815,462,42,1,74.3
816,462,35,1,84.34
817,463,51,1,11.26
818,463,119,1,80.78
819,464,95,1,11.66
820,465,106,1,28.28
821,466,67,3,264.87
822,467,6,1,220.22
823,467,94,1,35.16
824,467,99,1,24.26
825,468,102,1,77.29
826,468,119,1,80.78
827,469,91,1,30.52
828,470,82,1,13.01
829,471,3,1,670.73
830,471,106,1,28.28
831,472,110,2,19.0
832,473,1,1,586.3
833,473,69,1,31.93
834,473,66,3,100.56
835,474,81,3,7.48
836,474,92,1,39.45
837,475,50,1,116.82
838,475,100,1,39.97
839,475,15,1,767.32
840,475,39,1,229.32
841,476,118,1,25.76
842,477,7,1,53.09
843,477,16,2,732.2
844,477,43,3,53.93
845,478,66,1,100.56
846,479,89,1,8.39
847,479,11,1,731.06
848,479,31,1,247.46
849,480,104,1,39.69
850,481,18,1,359.32
851,481,119,1,80.78
852,482,41,1,71.75
853,482,88,1,33.26
854,483,5,1,397.07
855,483,44,1,119.73
856,483,85,1,12.5
857,484,44,1,119.73
858,485,107,1,44.22
859,486,2,1,269.28
860,486,44,3,119.73
861,486,25,1,161.84
862,486,106,1,28.28
863,487,42,1,74.3
864,488,58,1,110.39
865,489,34,1,63.43
866,489,96,1,19.77
867,490,20,1,779.69
868,490,93,1,19.09
869,490,118,1,25.76
870,491,61,2,231.6
871,492,91,2,30.52
872,492,78,1,46.85
873,492,61,1,231.6
874,492,3,1,670.73
875,493,10,1,734.2
876,493,3,1,670.73
877,493,85,1,12.5
878,494,65,1,265.07
879,495,30,3,47.54
880,496,76,2,298.6
881,497,44,2,119.73
882,497,8,1,595.4
883,498,64,1,17.61
884,498,117,1,55.98
885,498,115,1,19.22
886,498,14,1,110.69
887,499,113,1,10.8
888,500,44,2,119.73
889,501,78,1,46.85
890,502,68,1,36.67
891,502,55,1,59.91
892,502,37,1,220.08
893,503,53,1,39.35
894,504,94,1,35.16
895,505,27,1,72.61
896,506,75,1,69.93
897,507,26,1,97.58
898,507,17,1,496.52
899,507,80,1,78.27
900,507,73,1,133.86
901,508,42,1,74.3
902,508,79,1,109.37
903,509,31,1,247.46
904,510,89,1,8.39
905,511,117,1,55.98
906,512,65,1,265.07
907,512,99,2,24.26
908,512,111,1,87.37
909,513,54,1,22.27
910,514,96,2,19.77
911,515,106,1,28.28
912,515,57,1,65.06
913,516,1,1,586.3
914,516,73,1,133.86
915,517,51,1,11.26
916,518,11,1,731.06
917,518,117,1,55.98
918,518,54,2,22.27
919,519,39,1,229.32
920,520,53,1,39.35
921,521,75,1,69.93
922,522,36,2,59.06
923,523,9,1,221.78
924,524,7,1,53.09
925,524,107,1,44.22
926,525,34,1,63.43
927,525,113,1,10.8
928,525,27,1,72.61
929,526,6,1,220.22
930,526,4,3,806.2
931,527,67,1,264.87
932,528,10,1,734.2
933,528,76,1,298.6
934,529,62,1,236.24
935,529,63,1,12.16
936,530,6,1,220.22
937,530,93,2,19.09
938,530,20,1,779.69
939,531,94,1,35.16
940,532,49,2,119.57
941,533,53,1,39.35
942,534,35,2,84.34
943,535,5,2,397.07
944,535,91,1,30.52
945,536,21,1,178.51
946,536,36,1,59.06
947,536,53,1,39.35
948,537,32,1,142.78
949,537,5,1,397.07
950,537,8,2,595.4
951,538,93,1,19.09
952,539,80,1,78.27
953,540,103,2,46.79
954,541,116,1,12.73
955,542,47,2,97.13
956,543,22,1,63.15
957,543,97,1,13.74
958,544,57,1,65.06
959,545,58,1,110.39
960,546,7,1,53.09
961,547,120,1,55.94
962,548,29,1,49.42
963,548,21,1,178.51
964,548,50,1,116.82
965,549,86,1,37.74
966,549,40,1,72.1
967,550,67,1,264.87
968,550,84,1,13.33
969,551,102,1,77.29
970,552,34,2,63.43
971,553,53,1,39.35
972,554,37,1,220.08
973,555,3,1,670.73
974,555,6,2,220.22
975,555,104,1,39.69
976,555,94,1,35.16
977,556,22,1,63.15
978,557,50,1,116.82
979,557,114,1,48.24
980,557,89,1,8.39
981,558,40,2,72.1
982,559,34,1,63.43
983,559,86,1,37.74
984,560,54,1,22.27
985,560,25,1,161.84
986,561,113,2,10.8
987,562,70,2,232.56
988,562,2,2,269.28
989,563,32,1,142.78
990,564,70,1,232.56
991,564,2,1,269.28
992,565,55,1,59.91
993,565,117,2,55.98
994,565,50,1,116.82
995,566,41,1,71.75
996,566,8,1,595.4
997,567,73,2,133.86
998,567,56,1,106.34
999,567,63,2,12.16
1000,568,119,1,80.78
1001,569,27,2,72.61
1002,570,87,1,21.54
1003,570,88,1,33.26
1004,571,2,1,269.28
1005,571,7,2,53.09
1006,571,85,2,12.5
1007,572,40,1,72.1
1008,573,62,1,236.24
1009,573,72,2,88.34
1010,574,113,1,10.8
1011,574,107,1,44.22
1012,575,46,1,22.06
1013,576,79,1,109.37
1014,576,54,1,22.27
1015,576,17,1,496.52
1016,576,63,3,12.16
1017,577,72,1,88.34
1018,578,47,1,97.13
1019,578,80,1,78.27
1020,579,80,2,78.27
1021,580,9,1,221.78
1022,581,92,1,39.45
1023,581,70,1,232.56
1024,582,68,1,36.67
1025,582,102,2,77.29
1026,582,119,1,80.78
1027,583,55,2,59.91
1028,584,109,1,52.68
1029,585,80,1,78.27
1030,586,12,1,326.02
1031,587,18,3,359.32
1032,588,49,1,119.57
1033,588,46,1,22.06
1034,589,48,2,16.99
1035,589,102,1,77.29
1036,590,39,1,229.32
1037,590,8,1,595.4
1038,591,13,1,862.78
1039,592,55,1,59.91
1040,593,40,1,72.1
1041,593,60,1,76.99
1042,594,45,1,20.0
1043,594,120,1,55.94
1044,595,103,1,46.79
1045,596,101,1,87.4
1046,597,72,1,88.34
1047,597,11,1,731.06
1048,598,107,1,44.22
1049,599,115,1,19.22
1050,599,95,1,11.66
1051,600,85,1,12.5
1052,600,37,1,220.08
1053,600,2,2,269.28
1054,601,4,1,806.2
1055,602,92,1,39.45
1056,602,27,1,72.61
1057,603,54,1,22.27
1058,603,1,1,586.3
1059,603,86,1,37.74
1060,604,102,3,77.29
1061,604,16,2,732.2
1062,604,73,1,133.86
1063,604,14,1,110.69
1064,605,51,1,11.26
1065,605,75,1,69.93
1066,606,83,2,35.09
1067,606,53,1,39.35
1068,607,101,1,87.4
1069,608,89,2,8.39
1070,608,24,1,32.44
1071,608,83,1,35.09
1072,609,50,2,116.82
1073,609,10,1,734.2
1074,610,51,2,11.26
1075,610,107,1,44.22
1076,611,75,1,69.93
1077,612,76,1,298.6
1078,613,58,1,110.39
1079,614,15,2,767.32
1080,615,18,1,359.32
1081,616,59,1,42.83
1082,617,79,1,109.37
1083,618,62,1,236.24
1084,618,95,1,11.66
1085,618,40,2,72.1
1086,619,97,2,13.74
1087,620,94,1,35.16
1088,620,95,2,11.66
1089,621,19,1,751.58
1090,622,21,1,178.51
1091,623,78,2,46.85
1092,623,104,2,39.69
1093,623,25,1,161.84
1094,623,38,1,166.62
1095,624,104,1,39.69
1096,625,80,2,78.27
1097,626,76,1,298.6
1098,627,12,1,326.02
1099,627,28,1,164.82
1100,628,107,1,44.22
1101,629,44,1,119.73
1102,630,71,2,148.88
1103,631,44,2,119.73
1104,631,66,1,100.56
1105,632,57,1,65.06
1106,633,106,1,28.28
1107,633,48,1,16.99
1108,633,62,1,236.24
1109,634,109,1,52.68
1110,634,58,1,110.39
1111,635,20,2,779.69
1112,635,118,1,25.76
1113,635,68,1,36.67
1114,636,110,1,19.0
1115,637,110,1,19.0
1116,637,117,1,55.98
1117,637,69,1,31.93
1118,638,9,1,221.78
1119,638,39,1,229.32
1120,638,93,3,19.09
1121,639,94,1,35.16
1122,640,30,3,47.54
1123,640,25,2,161.84
1124,641,102,1,77.29
1125,642,17,1,496.52
1126,643,54,1,22.27
1127,644,19,1,751.58
1128,645,35,1,84.34
1129,645,29,1,49.42
1130,645,9,1,221.78
1131,646,14,2,110.69
1132,646,101,1,87.4
1133,646,12,2,326.02
1134,646,44,2,119.73
1135,647,31,1,247.46
1136,648,8,1,595.4
1137,649,87,1,21.54
1138,650,38,1,166.62
1139,650,53,1,39.35
1140,651,45,1,20.0
1141,652,42,2,74.3
1142,652,116,1,12.73
1143,652,95,1,11.66
1144,652,39,1,229.32
1145,653,120,1,55.94
1146,654,10,1,734.2
1147,655,41,1,71.75
1148,656,104,1,39.69
1149,656,43,1,53.93
1150,656,76,1,298.6
1151,657,58,1,110.39
1152,658,70,1,232.56
1153,658,91,2,30.52
1154,659,76,1,298.6
1155,660,35,1,84.34
1156,661,58,1,110.39
1157,662,102,1,77.29
1158,662,19,1,751.58
1159,663,36,1,59.06
1160,664,34,1,63.43
1161,664,37,2,220.08
1162,665,70,1,232.56
1163,666,39,1,229.32
1164,666,79,1,109.37
1165,666,30,1,47.54
1166,667,75,1,69.93
1167,667,119,1,80.78
1168,667,11,3,731.06
1169,668,36,1,59.06
1170,668,17,1,496.52
1171,669,4,1,806.2
1172,669,16,1,732.2
1173,669,14,1,110.69
1174,669,79,1,109.37
1175,670,40,1,72.1
1176,670,60,1,76.99
1177,671,2,1,269.28
1178,671,22,1,63.15
1179,671,65,3,265.07
1180,672,120,1,55.94
1181,672,44,1,119.73
1182,673,102,1,77.29
1183,674,99,1,24.26
1184,674,17,1,496.52
1185,674,96,1,19.77
1186,675,36,2,59.06
1187,676,1,2,586.3
1188,677,5,1,397.07
1189,677,49,2,119.57
1190,677,40,1,72.1
1191,678,89,1,8.39
1192,679,91,1,30.52
1193,679,83,1,35.09
1194,679,51,1,11.26
1195,680,20,1,779.69
1196,681,113,1,10.8
1197,682,10,1,734.2
1198,682,118,3,25.76
1199,682,92,1,39.45
1200,683,73,1,133.86
1201,684,88,3,33.26
1202,684,39,1,229.32
1203,684,106,1,28.28
1204,685,29,1,49.42
1205,686,54,1,22.27
1206,687,48,2,16.99
1207,687,86,1,37.74
1208,687,38,1,166.62
1209,688,12,1,326.02
1210,689,79,1,109.37
1211,689,9,2,221.78
1212,689,42,1,74.3
1213,690,16,3,732.2
1214,690,23,1,27.31
1215,690,19,1,751.58
1216,691,84,1,13.33
1217,691,109,1,52.68
1218,691,33,3,211.97
1219,692,23,1,27.31
1220,692,17,3,496.52
1221,692,74,1,167.32
1222,692,53,1,39.35
1223,693,81,1,7.48
1224,693,90,1,19.83
1225,694,76,1,298.6
1226,695,98,1,20.51
1227,695,45,2,20.0
1228,696,79,1,109.37
1229,696,77,1,138.17
1230,696,93,1,19.09
1231,697,76,1,298.6
1232,697,39,1,229.32
1233,697,72,1,88.34
1234,698,75,2,69.93
1235,699,2,1,269.28
1236,700,113,1,10.8
1237,700,19,2,751.58
1238,700,107,1,44.22
1239,701,38,1,166.62
1240,701,35,1,84.34
1241,702,105,1,37.83
1242,703,25,1,161.84
1243,703,113,3,10.8
1244,703,28,2,164.82
1245,703,76,1,298.6
1246,704,62,3,236.24
1247,705,117,3,55.98
1248,705,36,1,59.06
1249,705,102,1,77.29
1250,706,32,1,142.78
1251,706,18,1,359.32
1252,707,60,2,76.99
1253,707,37,1,220.08
1254,708,87,2,21.54
1255,708,77,1,138.17
1256,708,14,1,110.69
1257,709,17,2,496.52
1258,709,102,1,77.29
1259,709,112,1,51.54
1260,710,105,2,37.83
1261,710,118,1,25.76
1262,711,14,1,110.69
1263,712,96,2,19.77
1264,713,93,1,19.09
1265,714,55,1,59.91
1266,714,82,2,13.01
1267,714,99,1,24.26
1268,715,100,1,39.97
1269,716,108,1,86.41
1270,716,106,1,28.28
1271,716,66,1,100.56
1272,716,31,2,247.46
1273,717,66,2,100.56
1274,717,32,1,142.78
1275,718,71,1,148.88
1276,719,61,1,231.6
1277,719,99,2,24.26
1278,720,7,1,53.09
1279,721,76,1,298.6
1280,721,19,2,751.58
1281,722,89,1,8.39
1282,722,55,1,59.91
1283,723,59,1,42.83
1284,723,33,2,211.97
1285,723,95,1,11.66
1286,723,36,1,59.06
1287,724,58,2,110.39
1288,724,82,1,13.01
1289,725,93,1,19.09
1290,725,68,1,36.67
1291,726,51,1,11.26
1292,727,37,1,220.08
1293,728,79,1,109.37
1294,728,22,2,63.15
1295,729,112,1,51.54
1296,730,36,1,59.06
1297,731,117,1,55.98
1298,731,108,1,86.41
1299,732,92,1,39.45
1300,732,97,1,13.74
1301,732,77,1,138.17
1302,733,103,1,46.79
1303,734,59,1,42.83
1304,735,30,1,47.54
1305,736,71,1,148.88
1306,737,120,1,55.94
1307,738,79,1,109.37
1308,739,73,1,133.86
1309,739,4,2,806.2
1310,739,23,1,27.31
1311,739,115,1,19.22
1312,740,110,1,19.0
1313,740,62,1,236.24
1314,740,38,1,166.62
1315,741,67,1,264.87
1316,741,94,1,35.16
1317,742,27,1,72.61
1318,743,8,2,595.4
1319,744,94,2,35.16
1320,744,42,1,74.3
1321,745,88,1,33.26
1322,745,51,2,11.26
1323,745,74,1,167.32
1324,746,47,1,97.13
1325,747,1,1,586.3
1326,748,115,1,19.22
1327,749,27,1,72.61
1328,750,103,1,46.79
1329,751,10,1,734.2
1330,751,119,1,80.78
1331,751,94,1,35.16
1332,751,103,2,46.79
1333,752,33,1,211.97
1334,753,12,2,326.02
1335,754,3,1,670.73
1336,754,67,1,264.87
1337,754,113,1,10.8
1338,755,76,1,298.6
1339,755,43,1,53.93
1340,755,99,1,24.26
1341,755,86,1,37.74
1342,756,120,2,55.94
1343,757,55,1,59.91
1344,758,59,2,42.83
1345,759,20,1,779.69
1346,759,111,1,87.37
1347,759,110,1,19.0
1348,760,116,1,12.73
1349,761,57,1,65.06
1350,761,101,1,87.4
1351,762,10,1,734.2
1352,763,98,1,20.51
1353,764,2,1,269.28
1354,764,58,1,110.39
1355,765,42,1,74.3
1356,766,10,1,734.2
1357,767,119,1,80.78
1358,768,61,3,231.6
1359,768,71,1,148.88
1360,768,115,1,19.22
1361,769,25,2,161.84
1362,769,28,1,164.82
1363,770,33,1,211.97
1364,770,69,1,31.93
1365,771,49,1,119.57
1366,771,20,1,779.69
1367,772,79,1,109.37
1368,773,51,1,11.26
1369,774,71,1,148.88
1370,774,46,1,22.06
1371,775,41,1,71.75
1372,776,66,1,100.56
1373,777,77,2,138.17
1374,777,91,1,30.52
1375,778,92,1,39.45
1376,779,33,2,211.97
1377,780,14,1,110.69
1378,780,48,1,16.99
1379,780,31,1,247.46
1380,781,30,1,47.54
1381,781,8,1,595.4
1382,781,41,1,71.75
1383,782,118,2,25.76
1384,783,101,2,87.4
1385,784,106,1,28.28
1386,785,44,1,119.73
1387,786,43,1,53.93
1388,786,67,1,264.87
1389,786,93,2,19.09
1390,787,76,1,298.6
1391,788,73,3,133.86
1392,788,32,1,142.78
1393,788,109,1,52.68
1394,789,85,1,12.5
1395,789,36,1,59.06
1396,790,110,2,19.0
1397,791,70,2,232.56
1398,791,57,2,65.06
1399,791,83,1,35.09
1400,792,96,1,19.77
1401,793,114,1,48.24
1402,794,104,1,39.69
1403,795,77,1,138.17
1404,796,11,1,731.06
1405,796,2,1,269.28
1406,797,75,2,69.93
1407,797,78,2,46.85
1408,798,116,1,12.73
1409,799,83,1,35.09
1410,800,62,1,236.24
1411,800,9,1,221.78
1412,801,31,1,247.46
1413,801,79,1,109.37
1414,802,13,1,862.78
1415,803,88,2,33.26
1416,804,57,2,65.06
1417,804,32,1,142.78
1418,804,67,1,264.87
1419,805,54,2,22.27
1420,806,107,1,44.22
1421,806,43,1,53.93
1422,806,97,1,13.74
1423,807,99,1,24.26
1424,808,103,1,46.79
1425,809,88,3,33.26
1426,809,109,1,52.68
1427,810,116,1,12.73
1428,811,37,1,220.08
1429,811,13,1,862.78
1430,812,62,1,236.24
1431,812,67,1,264.87
1432,812,2,1,269.28
1433,813,26,1,97.58
1434,814,48,1,16.99
1435,815,82,1,13.01
1436,815,19,1,751.58
1437,815,15,1,767.32
1438,816,8,1,595.4
1439,817,8,1,595.4
1440,818,93,1,19.09
1441,819,52,1,84.99
1442,820,59,1,42.83
1443,820,114,1,48.24
1444,821,32,1,142.78
1445,822,92,1,39.45
1446,822,37,1,220.08
1447,823,83,1,35.09
1448,823,96,2,19.77
1449,824,118,1,25.76
1450,824,111,1,87.37
1451,824,78,1,46.85
1452,825,113,1,10.8
1453,825,67,2,264.87
1454,826,103,1,46.79
1455,827,49,1,119.57
1456,828,95,1,11.66
1457,828,110,1,19.0
1458,829,117,1,55.98
1459,830,78,1,46.85
1460,830,63,1,12.16
1461,830,93,1,19.09
1462,831,21,2,178.51
1463,831,95,1,11.66
1464,832,34,3,63.43
1465,832,83,1,35.09
1466,833,82,3,13.01
1467,834,109,1,52.68
1468,835,97,1,13.74
1469,836,102,1,77.29
1470,836,15,1,767.32
1471,837,74,1,167.32
1472,837,43,1,53.93
1473,837,117,1,55.98
1474,838,89,1,8.39
1475,839,86,1,37.74
1476,839,107,1,44.22
1477,840,15,1,767.32
1478,840,7,1,53.09
1479,841,116,3,12.73
1480,841,66,1,100.56
1481,841,7,1,53.09
1482,842,29,1,49.42
1483,842,23,2,27.31
1484,843,4,1,806.2
1485,843,81,2,7.48
1486,844,24,1,32.44
1487,844,82,1,13.01
1488,844,85,1,12.5
1489,844,52,2,84.99
1490,845,95,1,11.66
1491,846,83,1,35.09
1492,846,57,1,65.06
1493,846,71,1,148.88
1494,847,7,1,53.09
1495,848,62,1,236.24
1496,849,10,1,734.2
1497,849,102,2,77.29
1498,850,63,1,12.16
1499,851,95,1,11.66
1500,851,30,1,47.54
1501,852,45,1,20.0
1502,852,42,1,74.3
1503,852,33,1,211.97
1504,853,96,2,19.77
1505,854,24,1,32.44
1506,855,68,1,36.67
1507,856,3,2,670.73
1508,857,114,1,48.24
1509,858,62,3,236.24
1510,858,16,1,732.2
1511,859,5,1,397.07
1512,859,13,1,862.78
1513,860,85,2,12.5
1514,861,83,1,35.09
1515,862,58,2,110.39
1516,863,85,1,12.5
1517,864,102,1,77.29
1518,864,52,1,84.99
1519,865,15,1,767.32
1520,866,23,1,27.31
1521,866,5,1,397.07
1522,867,64,2,17.61
1523,868,17,1,496.52
1524,869,99,1,24.26
1525,869,25,1,161.84
1526,870,79,1,109.37
1527,871,49,1,119.57
1528,872,14,1,110.69
1529,873,90,1,19.83
1530,874,74,1,167.32
1531,874,49,2,119.57
1532,875,22,1,63.15
1533,875,29,2,49.42
1534,876,113,1,10.8
1535,876,36,1,59.06
1536,877,96,1,19.77
1537,878,51,1,11.26
1538,879,70,1,232.56
1539,879,82,2,13.01
1540,880,10,1,734.2
1541,880,98,1,20.51
1542,880,100,2,39.97
1543,880,104,1,39.69
1544,881,73,1,133.86
1545,882,113,3,10.8
1546,883,71,1,148.88
1547,884,65,1,265.07
1548,885,38,2,166.62
1549,886,57,2,65.06
1550,887,101,1,87.4
1551,887,98,1,20.51
1552,888,43,1,53.93
1553,889,21,1,178.51
1554,890,62,1,236.24
1555,890,11,2,731.06
1556,890,90,1,19.83
1557,891,29,1,49.42
1558,892,39,1,229.32
1559,893,65,2,265.07
1560,893,34,1,63.43
1561,893,62,1,236.24
1562,893,8,2,595.4
1563,894,52,1,84.99
1564,895,2,1,269.28
1565,896,60,2,76.99
1566,897,88,1,33.26
1567,898,31,1,247.46
1568,898,16,1,732.2
1569,899,83,1,35.09
1570,899,33,1,211.97
1571,899,112,1,51.54
1572,900,89,1,8.39
1573,901,51,1,11.26
1574,902,49,1,119.57
1575,903,89,1,8.39
1576,904,40,3,72.1
1577,904,98,2,20.51
1578,905,44,1,119.73
1579,906,118,2,25.76
1580,907,46,1,22.06
1581,908,76,1,298.6
1582,908,15,1,767.32
1583,909,8,1,595.4
1584,910,48,1,16.99
1585,911,8,1,595.4
1586,912,120,1,55.94
1587,913,32,1,142.78
1588,913,61,1,231.6
1589,913,108,1,86.41
1590,914,54,1,22.27
1591,915,79,1,109.37
1592,915,102,1,77.29
1593,916,81,2,7.48
1594,917,70,1,232.56
1595,917,105,1,37.83
1596,918,60,1,76.99
1597,919,54,1,22.27
1598,920,48,1,16.99
1599,920,58,1,110.39
1600,920,120,2,55.94
1601,920,68,1,36.67
1602,921,47,1,97.13
1603,922,52,2,84.99
1604,923,90,3,19.83
1605,924,68,1,36.67
1606,925,71,3,148.88
1607,925,96,1,19.77
1608,925,92,1,39.45
1609,926,80,3,78.27
1610,927,4,1,806.2
1611,927,20,2,779.69
1612,927,75,1,69.93
1613,928,26,1,97.58
1614,928,8,1,595.4
1615,929,104,1,39.69
1616,929,61,1,231.6
1617,930,38,1,166.62
1618,930,82,3,13.01
1619,931,86,1,37.74
1620,932,114,1,48.24
1621,932,105,1,37.83
1622,933,89,1,8.39
1623,933,88,1,33.26
1624,933,24,1,32.44
1625,934,118,1,25.76
1626,934,28,1,164.82
1627,935,115,1,19.22
1628,936,72,1,88.34
1629,937,74,1,167.32
1630,938,70,2,232.56
1631,939,112,2,51.54
1632,940,79,2,109.37
1633,941,51,1,11.26
1634,942,105,1,37.83
1635,942,115,1,19.22
1636,943,107,1,44.22
1637,944,61,1,231.6
1638,944,82,1,13.01
1639,945,67,1,264.87
1640,946,66,1,100.56
1641,946,91,1,30.52
1642,947,55,1,59.91
1643,948,37,1,220.08
1644,949,51,1,11.26
1645,949,85,1,12.5
1646,949,6,1,220.22
1647,950,50,3,116.82
1648,950,113,1,10.8
1649,951,15,1,767.32
1650,952,102,1,77.29
1651,953,62,1,236.24
1652,954,25,1,161.84
1653,955,86,2,37.74
1654,956,28,3,164.82
1655,956,1,1,586.3
1656,957,87,1,21.54
1657,958,103,2,46.79
1658,958,28,1,164.82
1659,959,2,2,269.28
1660,960,59,1,42.83
1661,960,23,1,27.31
1662,960,98,1,20.51
1663,961,94,2,35.16
1664,961,6,1,220.22
1665,961,25,3,161.84
1666,962,61,2,231.6
1667,962,16,1,732.2
1668,963,22,2,63.15
1669,964,87,1,21.54
1670,964,8,1,595.4
1671,964,95,3,11.66
1672,964,86,1,37.74
1673,965,34,1,63.43
1674,965,4,1,806.2
1675,966,43,1,53.93
1676,966,62,1,236.24
1677,967,119,2,80.78
1678,967,44,1,119.73
1679,967,24,1,32.44
1680,968,22,1,63.15
1681,969,41,1,71.75
1682,970,114,1,48.24
1683,970,107,1,44.22
1684,970,113,2,10.8
1685,971,63,1,12.16
1686,971,57,2,65.06
1687,972,24,2,32.44
1688,973,82,1,13.01
1689,973,67,1,264.87
1690,974,86,1,37.74
1691,975,47,1,97.13
1692,976,92,1,39.45
1693,977,118,2,25.76
1694,978,97,1,13.74
1695,979,19,1,751.58
1696,980,1,1,586.3
1697,981,90,1,19.83
1698,982,90,1,19.83
1699,983,50,3,116.82
1700,983,109,1,52.68
1701,984,14,1,110.69
1702,985,114,2,48.24
1703,985,84,3,13.33
1704,986,27,1,72.61
1705,987,46,1,22.06
1706,987,114,1,48.24
1707,988,87,1,21.54
1708,988,108,1,86.41
1709,988,96,1,19.77
1710,989,21,2,178.51
1711,990,112,2,51.54
1712,990,48,2,16.99
1713,991,56,1,106.34
1714,991,13,1,862.78
1715,991,53,1,39.35
1716,991,8,1,595.4
1717,992,46,1,22.06
1718,992,32,2,142.78
1719,992,110,1,19.0
1720,992,92,1,39.45
1721,993,34,1,63.43
1722,993,119,1,80.78
1723,994,20,1,779.69
1724,995,27,1,72.61
1725,995,29,1,49.42
1726,996,75,1,69.93
1727,996,89,1,8.39
1728,996,3,1,670.73
1729,997,96,1,19.77
1730,998,13,1,862.78
1731,999,3,1,670.73
1732,1000,26,1,97.58
1733,1001,12,1,326.02
1734,1001,85,1,12.5
1735,1002,52,1,84.99
1736,1003,37,1,220.08
1737,1003,30,1,47.54
1738,1003,28,2,164.82
1739,1003,104,1,39.69
1740,1004,14,1,110.69
1741,1005,4,1,806.2
1742,1006,103,1,46.79
1743,1007,36,1,59.06
1744,1008,40,2,72.1
1745,1008,115,3,19.22
1746,1008,100,1,39.97
1747,1009,77,2,138.17
1748,1010,81,1,7.48
1749,1011,23,1,27.31
1750,1012,17,2,496.52
1751,1013,66,1,100.56
1752,1013,96,1,19.77
1753,1013,6,1,220.22
1754,1014,28,1,164.82
1755,1014,103,1,46.79
1756,1015,15,1,767.32
1757,1015,8,1,595.4
1758,1015,82,1,13.01
1759,1016,7,1,53.09
1760,1016,19,2,751.58
1761,1016,52,2,84.99
1762,1017,101,1,87.4
1763,1017,61,1,231.6
1764,1017,19,1,751.58
1765,1018,94,1,35.16
1766,1018,65,3,265.07
1767,1019,41,1,71.75
1768,1019,37,1,220.08
1769,1019,102,1,77.29
1770,1020,119,1,80.78
1771,1021,79,1,109.37
1772,1021,26,3,97.58
1773,1022,54,1,22.27
1774,1022,115,1,19.22
1775,1022,3,1,670.73
1776,1023,50,1,116.82
1777,1024,97,3,13.74
1778,1025,92,1,39.45
1779,1026,24,1,32.44
1780,1027,39,1,229.32
1781,1028,46,1,22.06
1782,1028,114,1,48.24
1783,1029,91,3,30.52
1784,1030,8,1,595.4
1785,1031,70,1,232.56
1786,1032,10,1,734.2
1787,1033,28,1,164.82
1788,1033,22,2,63.15
1789,1034,86,1,37.74
1790,1035,25,1,161.84
1791,1035,92,1,39.45
1792,1035,82,1,13.01
1793,1036,16,1,732.2
1794,1036,81,2,7.48
1795,1036,2,1,269.28
1796,1036,100,1,39.97
1797,1037,60,1,76.99
1798,1038,71,2,148.88
1799,1039,12,1,326.02
1800,1040,39,1,229.32
1801,1040,1,1,586.3
1802,1040,5,2,397.07
1803,1041,113,1,10.8
1804,1042,45,1,20.0
1805,1043,114,1,48.24
1806,1044,76,1,298.6
1807,1045,117,2,55.98
1808,1046,57,1,65.06
1809,1046,97,1,13.74
1810,1047,31,1,247.46
1811,1048,115,1,19.22
1812,1048,78,1,46.85
1813,1049,70,1,232.56
1814,1050,13,1,862.78
1815,1050,21,1,178.51
1816,1050,85,2,12.5
1817,1051,86,1,37.74
1818,1051,57,1,65.06
1819,1052,67,1,264.87
1820,1052,89,1,8.39
1821,1053,66,1,100.56
1822,1054,41,1,71.75
1823,1054,9,1,221.78
1824,1054,40,1,72.1
1825,1055,48,1,16.99
1826,1056,10,2,734.2
1827,1056,111,1,87.37
1828,1057,73,1,133.86
1829,1057,44,1,119.73
1830,1058,90,1,19.83
1831,1059,78,1,46.85
1832,1059,95,1,11.66
1833,1060,10,1,734.2
1834,1061,99,1,24.26
1835,1061,113,1,10.8
1836,1062,54,1,22.27
1837,1063,97,1,13.74
1838,1063,107,2,44.22
1839,1064,74,2,167.32
1840,1064,34,1,63.43
1841,1065,73,1,133.86
1842,1066,44,1,119.73
1843,1066,82,1,13.01
1844,1067,11,1,731.06
1845,1068,104,2,39.69
1846,1069,96,2,19.77
1847,1070,113,1,10.8
1848,1071,95,1,11.66
1849,1072,38,1,166.62
1850,1072,31,1,247.46
1851,1072,29,1,49.42
1852,1072,37,1,220.08
1853,1073,13,1,862.78
1854,1074,100,1,39.97
1855,1074,64,2,17.61
1856,1075,111,1,87.37
1857,1076,10,1,734.2
1858,1077,46,2,22.06
1859,1077,91,1,30.52
1860,1078,45,1,20.0
1861,1078,13,1,862.78
1862,1079,19,1,751.58
1863,1080,22,3,63.15
1864,1081,16,1,732.2
1865,1081,27,1,72.61
1866,1082,74,2,167.32
1867,1082,21,1,178.51
1868,1082,112,1,51.54
1869,1082,79,1,109.37
1870,1083,74,1,167.32
1871,1083,94,3,35.16
1872,1083,2,3,269.28
1873,1083,42,1,74.3
1874,1084,46,1,22.06
1875,1085,106,1,28.28
1876,1085,33,1,211.97
1877,1085,17,1,496.52
1878,1086,102,1,77.29
1879,1087,63,1,12.16
1880,1088,75,1,69.93
1881,1089,5,1,397.07
1882,1089,115,1,19.22
1883,1090,39,1,229.32
1884,1091,117,2,55.98
1885,1091,26,1,97.58
1886,1092,30,1,47.54
1887,1092,99,1,24.26
1888,1093,32,1,142.78
1889,1094,84,3,13.33
1890,1095,95,1,11.66
1891,1096,4,1,806.2
1892,1097,111,1,87.37
1893,1097,107,1,44.22
1894,1098,7,1,53.09
1895,1099,107,1,44.22
1896,1099,4,1,806.2
1897,1099,81,1,7.48
1898,1100,62,1,236.24
1899,1100,57,1,65.06
1900,1100,25,1,161.84
1901,1101,87,1,21.54
1902,1101,74,1,167.32
1903,1102,114,1,48.24
1904,1103,11,1,731.06
1905,1104,115,1,19.22
1906,1104,67,2,264.87
1907,1104,28,2,164.82
1908,1105,77,1,138.17
1909,1106,89,2,8.39
1910,1107,109,1,52.68
1911,1108,31,2,247.46
1912,1108,62,1,236.24
1913,1108,88,1,33.26
1914,1109,90,2,19.83
1915,1110,74,2,167.32
1916,1111,52,2,84.99
1917,1111,3,1,670.73
1918,1112,36,1,59.06
1919,1112,75,2,69.93
1920,1113,63,1,12.16
1921,1113,103,1,46.79
1922,1114,8,2,595.4
1923,1114,45,1,20.0
1924,1114,27,1,72.61
1925,1115,100,1,39.97
1926,1115,19,1,751.58
1927,1116,66,1,100.56
1928,1117,29,1,49.42
1929,1118,60,1,76.99
1930,1118,84,3,13.33
1931,1118,83,1,35.09
1932,1119,81,1,7.48
1933,1119,35,1,84.34
1934,1119,38,3,166.62
1935,1120,66,2,100.56
1936,1120,67,1,264.87
1937,1121,99,2,24.26
1938,1121,36,1,59.06
1939,1121,12,1,326.02
1940,1122,42,1,74.3
1941,1122,49,1,119.57
1942,1122,117,1,55.98
1943,1123,16,1,732.2
1944,1124,118,1,25.76
1945,1124,69,2,31.93
1946,1124,103,1,46.79
1947,1125,55,1,59.91
1948,1126,60,1,76.99
1949,1127,9,1,221.78
1950,1128,69,1,31.93
1951,1128,120,1,55.94
1952,1129,26,1,97.58
1953,1129,120,1,55.94
1954,1129,113,1,10.8
1955,1129,14,1,110.69
1956,1130,40,2,72.1
1957,1130,10,1,734.2
1958,1131,22,1,63.15
1959,1132,26,1,97.58
1960,1133,63,1,12.16
1961,1133,17,1,496.52
1962,1133,65,1,265.07
1963,1134,87,2,21.54
1964,1134,106,1,28.28
1965,1135,24,1,32.44
1966,1136,94,1,35.16
1967,1136,32,1,142.78
1968,1137,68,2,36.67
1969,1138,37,1,220.08
1970,1139,13,1,862.78
1971,1139,32,1,142.78
1972,1140,46,1,22.06
1973,1140,53,1,39.35
1974,1141,35,1,84.34
1975,1141,108,2,86.41
1976,1142,84,1,13.33
1977,1142,75,1,69.93
1978,1143,41,1,71.75
1979,1143,109,1,52.68
1980,1143,99,1,24.26
1981,1144,112,1,51.54
1982,1144,31,1,247.46
1983,1144,72,2,88.34
1984,1145,102,1,77.29
1985,1146,94,1,35.16
1986,1147,53,1,39.35
1987,1148,72,1,88.34
1988,1148,66,1,100.56
1989,1149,18,2,359.32
1990,1150,6,1,220.22
1991,1150,33,1,211.97
1992,1151,82,1,13.01
1993,1151,119,1,80.78
1994,1152,95,1,11.66
1995,1152,119,1,80.78
1996,1152,13,1,862.78
1997,1153,42,1,74.3
1998,1154,50,1,116.82
1999,1155,90,1,19.83
2000,1155,102,3,77.29
2001,1155,37,2,220.08
2002,1156,25,1,161.84
2003,1156,79,1,109.37
2004,1157,25,2,161.84
2005,1158,97,3,13.74
2006,1158,26,2,97.58
2007,1159,74,1,167.32
2008,1159,69,1,31.93
2009,1160,58,2,110.39
2010,1160,27,1,72.61
2011,1160,6,3,220.22
2012,1161,70,1,232.56
2013,1162,113,1,10.8
2014,1162,16,1,732.2
2015,1162,89,1,8.39
2016,1163,69,2,31.93
2017,1164,104,1,39.69
2018,1165,106,1,28.28
2019,1165,23,1,27.31
2020,1166,93,2,19.09
2021,1166,119,1,80.78
2022,1167,21,1,178.51
2023,1167,68,2,36.67
2024,1167,104,1,39.69
2025,1168,115,1,19.22
2026,1169,17,2,496.52
2027,1170,101,1,87.4
2028,1171,117,1,55.98
2029,1172,66,1,100.56
2030,1172,106,1,28.28
2031,1172,120,1,55.94
2032,1173,7,1,53.09
2033,1173,8,1,595.4
2034,1173,96,1,19.77
2035,1174,119,3,80.78
2036,1175,79,1,109.37
2037,1175,50,1,116.82
2038,1175,11,1,731.06
2039,1176,48,1,16.99
2040,1177,56,2,106.34
2041,1178,45,2,20.0
2042,1179,20,1,779.69
2043,1180,16,1,732.2
2044,1181,59,1,42.83
2045,1182,76,1,298.6
2046,1182,83,1,35.09
2047,1182,100,1,39.97
2048,1182,33,3,211.97
2049,1183,78,1,46.85
2050,1184,42,1,74.3
2051,1184,107,1,44.22
2052,1185,108,1,86.41
2053,1185,24,1,32.44
2054,1186,1,1,586.3
2055,1186,107,1,44.22
2056,1187,68,1,36.67
2057,1187,74,1,167.32
2058,1188,113,1,10.8
2059,1189,63,1,12.16
2060,1190,18,1,359.32
2061,1191,92,3,39.45
2062,1192,59,1,42.83
2063,1192,111,1,87.37
2064,1193,48,1,16.99
2065,1194,17,1,496.52
2066,1195,70,1,232.56
2067,1196,28,1,164.82
2068,1196,75,1,69.93
2069,1196,32,3,142.78
2070,1197,28,1,164.82
2071,1197,68,1,36.67
2072,1198,52,1,84.99
2073,1199,31,2,247.46
2074,1199,28,1,164.82
2075,1199,69,1,31.93
2076,1199,10,1,734.2
2077,1200,82,1,13.01
2078,1201,49,1,119.57
2079,1202,44,1,119.73
2080,1202,104,1,39.69
2081,1203,84,1,13.33
2082,1203,18,1,359.32
2083,1204,67,1,264.87
2084,1205,120,1,55.94
2085,1205,46,1,22.06
2086,1206,9,1,221.78
2087,1206,11,1,731.06
2088,1206,100,1,39.97
2089,1206,109,1,52.68
2090,1207,120,1,55.94
2091,1208,31,2,247.46
2092,1208,46,1,22.06
2093,1208,64,2,17.61
2094,1208,69,1,31.93
2095,1209,17,1,496.52
2096,1209,30,2,47.54
2097,1210,67,1,264.87
2098,1211,47,1,97.13
2099,1211,59,1,42.83
2100,1212,76,1,298.6
2101,1212,110,1,19.0
2102,1212,117,1,55.98
2103,1213,65,1,265.07
2104,1214,73,1,133.86
2105,1215,54,1,22.27
2106,1215,44,1,119.73
2107,1216,20,1,779.69
2108,1217,66,1,100.56
2109,1217,113,1,10.8
2110,1217,56,2,106.34
2111,1218,25,1,161.84
2112,1219,7,1,53.09
2113,1219,55,1,59.91
2114,1220,70,2,232.56
2115,1220,106,2,28.28
2116,1221,66,1,100.56
2117,1222,15,1,767.32
2118,1223,14,1,110.69
2119,1223,20,1,779.69
2120,1223,46,1,22.06
2121,1224,64,1,17.61
2122,1225,67,1,264.87
2123,1225,111,1,87.37
2124,1226,4,1,806.2
2125,1226,35,1,84.34
2126,1227,74,1,167.32
2127,1227,78,1,46.85
2128,1228,53,1,39.35
2129,1229,58,1,110.39
2130,1229,56,1,106.34
2131,1229,72,1,88.34
2132,1229,43,1,53.93
2133,1230,56,1,106.34
2134,1230,16,2,732.2
2135,1230,40,1,72.1
2136,1230,9,2,221.78
2137,1231,88,1,33.26
2138,1232,60,1,76.99
2139,1232,26,3,97.58
2140,1232,120,1,55.94
2141,1233,110,1,19.0
2142,1233,49,1,119.57
2143,1233,109,1,52.68
2144,1234,12,1,326.02
2145,1234,116,1,12.73
2146,1234,50,2,116.82
2147,1235,58,1,110.39
2148,1236,41,1,71.75
2149,1237,111,1,87.37
2150,1237,27,2,72.61
2151,1237,108,2,86.41
2152,1238,75,1,69.93
2153,1238,2,1,269.28
2154,1239,109,1,52.68
2155,1239,74,1,167.32
2156,1240,1,1,586.3
2157,1240,70,1,232.56
2158,1240,90,1,19.83
2159,1240,94,1,35.16
2160,1241,13,1,862.78
2161,1242,94,1,35.16
2162,1243,79,1,109.37
2163,1244,110,1,19.0
2164,1244,67,1,264.87
2165,1244,98,1,20.51
2166,1245,93,1,19.09
2167,1246,82,1,13.01
2168,1247,73,2,133.86
2169,1247,64,1,17.61
2170,1247,27,1,72.61
2171,1248,41,1,71.75
2172,1249,102,1,77.29
2173,1250,80,2,78.27
2174,1251,44,1,119.73
2175,1251,69,3,31.93
2176,1252,108,1,86.41
2177,1253,84,1,13.33
2178,1253,12,1,326.02
2179,1254,106,1,28.28
2180,1255,82,3,13.01
2181,1255,28,2,164.82
2182,1255,75,1,69.93
2183,1256,50,1,116.82
2184,1256,20,2,779.69
2185,1256,64,1,17.61
2186,1256,6,2,220.22
2187,1257,80,1,78.27
2188,1258,6,1,220.22
2189,1258,113,1,10.8
2190,1259,67,1,264.87
2191,1260,45,1,20.0
2192,1260,96,1,19.77
2193,1260,11,3,731.06
2194,1260,83,2,35.09
2195,1261,118,2,25.76
2196,1261,100,1,39.97
2197,1261,56,1,106.34
2198,1262,43,1,53.93
2199,1263,35,1,84.34
2200,1264,53,3,39.35
2201,1264,38,1,166.62
2202,1265,47,1,97.13
2203,1266,79,1,109.37
2204,1267,20,1,779.69
2205,1267,43,1,53.93
2206,1268,56,1,106.34
2207,1268,110,1,19.0
2208,1269,24,1,32.44
2209,1270,113,1,10.8
2210,1271,46,2,22.06
2211,1272,64,1,17.61
2212,1272,3,1,670.73
2213,1273,113,2,10.8
2214,1274,54,1,22.27
2215,1274,46,1,22.06
2216,1274,91,1,30.52
2217,1275,79,1,109.37
2218,1276,65,1,265.07
2219,1277,2,2,269.28
2220,1277,35,2,84.34
2221,1278,77,1,138.17
2222,1279,36,1,59.06
2223,1280,64,1,17.61
2224,1280,63,1,12.16
2225,1280,54,1,22.27
2226,1280,9,1,221.78
2227,1281,5,1,397.07
2228,1282,23,3,27.31
2229,1283,107,1,44.22
2230,1283,87,1,21.54
2231,1284,4,1,806.2
2232,1285,19,1,751.58
2233,1286,14,1,110.69
2234,1286,57,3,65.06
2235,1286,37,1,220.08
2236,1287,30,1,47.54
2237,1288,2,3,269.28
2238,1288,19,1,751.58
2239,1289,103,1,46.79
2240,1290,68,1,36.67
2241,1290,53,3,39.35
2242,1291,110,1,19.0
2243,1292,61,1,231.6
2244,1292,42,2,74.3
2245,1292,62,2,236.24
2246,1293,9,1,221.78
2247,1294,70,1,232.56
2248,1294,53,1,39.35
2249,1295,11,1,731.06
2250,1296,90,1,19.83
2251,1296,45,1,20.0
2252,1297,105,1,37.83
2253,1297,77,1,138.17
2254,1297,34,2,63.43
2255,1297,74,1,167.32
2256,1298,17,1,496.52
2257,1298,43,1,53.93
2258,1298,22,1,63.15
2259,1298,5,3,397.07
2260,1299,114,1,48.24
2261,1300,112,2,51.54
2262,1301,99,2,24.26
2263,1302,85,1,12.5
2264,1303,99,1,24.26
2265,1304,87,2,21.54
2266,1305,117,1,55.98
2267,1306,62,2,236.24
2268,1307,80,1,78.27
2269,1308,17,1,496.52
2270,1309,11,1,731.06
2271,1309,43,1,53.93
2272,1310,55,1,59.91
2273,1311,95,1,11.66
2274,1312,18,1,359.32
2275,1312,89,1,8.39
2276,1312,62,2,236.24
2277,1313,92,1,39.45
2278,1314,56,1,106.34
2279,1314,84,1,13.33
2280,1315,26,3,97.58
2281,1315,109,1,52.68
2282,1316,83,1,35.09
2283,1317,110,1,19.0
2284,1317,119,1,80.78
2285,1317,70,3,232.56
2286,1317,59,1,42.83
2287,1318,75,3,69.93
2288,1319,93,1,19.09
2289,1320,73,2,133.86
2290,1320,111,1,87.37
2291,1321,86,1,37.74
2292,1321,46,1,22.06
2293,1322,115,1,19.22
2294,1322,39,1,229.32
2295,1323,55,3,59.91
2296,1324,83,1,35.09
2297,1325,14,1,110.69
2298,1326,29,1,49.42
2299,1326,56,1,106.34
2300,1326,18,1,359.32
2301,1327,61,1,231.6
2302,1327,80,1,78.27
2303,1328,14,1,110.69
2304,1329,104,1,39.69
2305,1329,113,2,10.8
2306,1329,76,1,298.6
2307,1330,97,1,13.74
2308,1330,31,1,247.46
2309,1330,64,1,17.61
2310,1331,40,1,72.1
2311,1331,49,2,119.57
2312,1332,106,2,28.28
2313,1332,81,2,7.48
2314,1332,101,1,87.4
2315,1333,92,1,39.45
2316,1334,57,1,65.06
2317,1335,67,1,264.87
2318,1335,120,1,55.94
2319,1336,115,1,19.22
2320,1336,71,1,148.88
2321,1336,15,1,767.32
2322,1336,50,1,116.82
2323,1337,82,1,13.01
2324,1337,16,1,732.2
2325,1337,53,1,39.35
2326,1338,27,1,72.61
2327,1339,42,1,74.3
2328,1340,63,1,12.16
2329,1340,21,1,178.51
2330,1341,61,1,231.6
2331,1341,89,3,8.39
2332,1342,117,1,55.98
2333,1342,91,1,30.52
2334,1342,109,1,52.68
2335,1342,72,1,88.34
2336,1343,11,1,731.06
2337,1344,68,1,36.67
2338,1345,93,2,19.09
2339,1345,73,1,133.86
2340,1346,18,1,359.32
2341,1347,76,1,298.6
2342,1347,84,1,13.33
2343,1348,86,1,37.74
2344,1349,33,1,211.97
2345,1350,108,1,86.41
2346,1350,40,1,72.1
2347,1351,116,1,12.73
2348,1352,102,1,77.29
2349,1352,30,1,47.54
2350,1353,113,1,10.8
2351,1354,62,1,236.24
2352,1355,24,1,32.44
2353,1356,2,3,269.28
2354,1357,94,1,35.16
2355,1357,65,1,265.07
2356,1358,27,1,72.61
2357,1358,4,1,806.2
2358,1359,98,1,20.51
2359,1359,116,1,12.73
2360,1359,14,1,110.69
2361,1359,32,1,142.78
2362,1360,103,1,46.79
2363,1361,19,1,751.58
2364,1362,38,1,166.62
2365,1363,92,1,39.45
2366,1364,93,2,19.09
2367,1364,36,2,59.06
2368,1364,117,1,55.98
2369,1364,79,1,109.37
2370,1365,3,1,670.73
2371,1365,118,1,25.76
2372,1366,52,1,84.99
2373,1366,47,1,97.13
2374,1366,62,1,236.24
2375,1367,47,1,97.13
2376,1368,101,1,87.4
2377,1369,113,1,10.8
2378,1369,116,1,12.73
2379,1370,94,3,35.16
2380,1371,58,1,110.39
2381,1372,65,1,265.07
2382,1372,72,1,88.34
2383,1373,11,1,731.06
2384,1374,113,2,10.8
2385,1374,25,1,161.84
2386,1375,21,2,178.51
2387,1375,69,1,31.93
2388,1376,90,1,19.83
2389,1376,85,1,12.5
2390,1376,41,1,71.75
2391,1377,100,1,39.97
2392,1378,101,2,87.4
2393,1379,93,1,19.09
2394,1379,19,1,751.58
2395,1379,5,1,397.07
2396,1380,98,1,20.51
2397,1380,120,1,55.94
2398,1380,113,2,10.8
2399,1381,12,1,326.02
2400,1382,112,2,51.54
2401,1383,45,1,20.0
2402,1384,80,2,78.27
2403,1385,65,1,265.07
2404,1385,23,1,27.31
2405,1386,15,3,767.32
2406,1387,114,1,48.24
2407,1387,81,1,7.48
2408,1388,93,1,19.09
2409,1388,24,1,32.44
2410,1389,89,1,8.39
2411,1390,67,2,264.87
2412,1391,47,1,97.13
2413,1391,80,1,78.27
2414,1392,35,1,84.34
2415,1393,62,1,236.24
2416,1394,9,1,221.78
2417,1395,59,2,42.83
2418,1396,96,2,19.77
2419,1397,14,2,110.69
2420,1398,106,1,28.28
2421,1398,8,2,595.4
2422,1399,73,1,133.86
2423,1400,106,3,28.28
2424,1401,28,1,164.82
2425,1401,34,1,63.43
2426,1401,13,1,862.78
2427,1402,79,1,109.37
2428,1402,6,1,220.22
2429,1403,30,1,47.54
2430,1404,116,1,12.73
2431,1404,99,1,24.26
2432,1405,41,1,71.75
2433,1406,5,1,397.07
2434,1407,3,1,670.73
2435,1408,2,1,269.28
2436,1408,118,2,25.76
2437,1408,23,2,27.31
2438,1409,40,1,72.1
2439,1410,37,1,220.08
2440,1411,22,1,63.15
2441,1412,60,2,76.99
2442,1412,91,1,30.52
2443,1412,38,1,166.62
2444,1413,119,1,80.78
2445,1414,106,1,28.28
2446,1415,86,3,37.74
2447,1415,14,1,110.69
2448,1415,55,1,59.91
2449,1416,92,1,39.45
2450,1416,51,1,11.26
2451,1417,50,1,116.82
2452,1418,9,1,221.78
2453,1418,92,1,39.45
2454,1418,37,1,220.08
2455,1419,3,1,670.73
2456,1420,17,1,496.52
2457,1420,24,1,32.44
2458,1420,68,1,36.67
2459,1421,106,2,28.28
2460,1421,119,1,80.78
2461,1422,77,1,138.17
2462,1423,33,1,211.97
2463,1423,54,1,22.27
2464,1424,13,1,862.78
2465,1425,37,1,220.08
2466,1426,61,2,231.6
2467,1427,74,1,167.32
2468,1428,51,1,11.26
2469,1429,25,1,161.84
2470,1430,100,2,39.97
2471,1430,102,1,77.29
2472,1430,114,1,48.24
2473,1431,56,3,106.34
2474,1432,81,1,7.48
2475,1433,101,1,87.4
2476,1433,47,1,97.13
2477,1434,5,1,397.07
2478,1434,43,1,53.93
2479,1435,1,1,586.3
2480,1436,42,1,74.3
2481,1437,13,1,862.78
2482,1437,58,1,110.39
2483,1437,16,1,732.2
2484,1438,23,1,27.31
2485,1438,27,1,72.61
2486,1439,63,1,12.16
2487,1440,25,1,161.84
2488,1440,20,1,779.69
2489,1441,21,1,178.51
2490,1442,37,1,220.08
2491,1442,91,1,30.52
2492,1443,17,1,496.52
2493,1443,57,1,65.06
2494,1443,3,1,670.73
2495,1444,62,1,236.24
2496,1445,18,1,359.32
2497,1446,3,1,670.73
2498,1446,52,1,84.99
2499,1446,98,1,20.51
2500,1447,23,1,27.31
2501,1447,57,1,65.06
2502,1447,32,2,142.78
2503,1448,31,1,247.46
2504,1449,116,2,12.73
2505,1449,70,1,232.56
2506,1450,73,1,133.86
2507,1451,92,2,39.45
2508,1452,6,1,220.22
2509,1452,118,2,25.76
2510,1452,8,1,595.4
2511,1452,36,1,59.06
2512,1453,79,3,109.37
2513,1453,3,3,670.73
2514,1454,108,1,86.41
2515,1455,110,1,19.0
2516,1456,48,1,16.99
2517,1456,64,1,17.61
2518,1456,55,1,59.91
2519,1457,29,1,49.42
2520,1457,53,1,39.35
2521,1457,30,1,47.54
2522,1457,71,1,148.88
2523,1458,9,1,221.78
2524,1458,36,1,59.06
2525,1459,72,1,88.34
2526,1460,10,1,734.2
2527,1461,54,1,22.27
2528,1462,37,2,220.08
2529,1462,57,1,65.06
2530,1462,60,1,76.99
2531,1462,71,1,148.88
2532,1463,86,1,37.74
2533,1464,43,1,53.93
2534,1465,59,1,42.83
2535,1465,74,2,167.32
2536,1465,10,1,734.2
2537,1466,96,1,19.77
2538,1467,17,1,496.52
2539,1467,48,1,16.99
2540,1468,52,1,84.99
2541,1469,98,1,20.51
2542,1470,15,1,767.32
2543,1470,6,1,220.22
2544,1470,22,1,63.15
2545,1471,105,2,37.83
2546,1471,66,1,100.56
2547,1472,33,2,211.97
2548,1473,56,1,106.34
2549,1473,73,1,133.86
2550,1474,75,1,69.93
2551,1474,69,1,31.93
2552,1474,109,2,52.68
2553,1475,108,1,86.41
2554,1475,103,1,46.79
2555,1476,111,1,87.37
2556,1476,51,1,11.26
2557,1477,59,1,42.83
2558,1478,75,1,69.93
2559,1478,92,1,39.45
2560,1478,118,1,25.76
2561,1479,40,1,72.1
2562,1480,76,2,298.6
2563,1481,34,2,63.43
2564,1482,108,1,86.41
2565,1482,74,1,167.32
2566,1483,93,1,19.09
2567,1483,44,1,119.73
2568,1483,56,1,106.34
2569,1483,37,3,220.08
2570,1484,26,1,97.58
2571,1485,39,2,229.32
2572,1486,3,1,670.73
2573,1487,64,1,17.61
2574,1487,49,1,119.57
2575,1488,66,1,100.56
2576,1488,64,1,17.61
2577,1489,71,1,148.88
2578,1489,51,1,11.26
2579,1489,32,2,142.78
2580,1490,47,1,97.13
2581,1490,39,2,229.32
2582,1490,113,1,10.8
2583,1490,116,1,12.73
2584,1491,25,2,161.84
2585,1492,81,2,7.48
2586,1493,57,1,65.06
2587,1493,11,1,731.06
2588,1494,92,1,39.45
2589,1495,116,2,12.73
2590,1496,106,1,28.28
2591,1497,58,1,110.39
2592,1497,113,1,10.8
2593,1497,13,1,862.78
2594,1498,52,2,84.99
2595,1499,44,1,119.73
2596,1500,119,1,80.78
2597,1501,64,1,17.61
2598,1502,59,1,42.83
2599,1502,93,1,19.09
2600,1503,4,2,806.2
2601,1503,21,1,178.51
2602,1504,112,1,51.54
2603,1504,46,2,22.06
2604,1505,38,1,166.62
2605,1506,52,1,84.99
2606,1507,10,1,734.2
2607,1507,35,1,84.34
2608,1507,59,1,42.83
2609,1508,27,1,72.61
2610,1508,50,1,116.82
2611,1508,120,1,55.94
2612,1508,44,1,119.73
2613,1509,36,1,59.06
2614,1509,53,1,39.35
2615,1509,90,1,19.83
2616,1509,116,1,12.73
2617,1510,102,1,77.29
2618,1510,89,1,8.39
2619,1511,28,1,164.82
2620,1512,70,1,232.56
2621,1513,65,2,265.07
2622,1513,61,1,231.6
2623,1513,40,1,72.1
2624,1513,52,1,84.99
2625,1514,73,1,133.86
2626,1515,78,1,46.85
2627,1516,66,1,100.56
2628,1517,86,2,37.74
2629,1517,40,1,72.1
2630,1517,78,1,46.85
2631,1518,95,1,11.66
2632,1518,60,1,76.99
2633,1518,8,1,595.4
2634,1519,81,1,7.48
2635,1520,32,1,142.78
2636,1521,110,1,19.0
2637,1522,51,1,11.26
2638,1523,108,3,86.41
2639,1524,10,1,734.2
2640,1524,60,1,76.99
2641,1525,13,1,862.78
2642,1525,58,1,110.39
2643,1526,34,1,63.43
2644,1527,34,1,63.43
2645,1528,112,1,51.54
2646,1528,6,1,220.22
2647,1529,97,1,13.74
2648,1530,31,1,247.46
2649,1530,53,1,39.35
2650,1530,34,1,63.43
2651,1531,55,1,59.91
2652,1531,20,1,779.69
2653,1531,114,1,48.24
2654,1532,111,1,87.37
2655,1533,91,1,30.52
2656,1534,2,1,269.28
2657,1534,14,1,110.69
2658,1534,48,1,16.99
2659,1535,66,1,100.56
2660,1535,94,2,35.16
2661,1536,8,1,595.4
2662,1537,98,1,20.51
2663,1538,93,1,19.09
2664,1538,35,2,84.34
2665,1539,58,2,110.39
2666,1539,71,1,148.88
2667,1539,40,1,72.1
2668,1540,9,1,221.78
2669,1540,66,2,100.56
2670,1541,20,2,779.69
2671,1541,92,1,39.45
2672,1542,92,2,39.45
2673,1543,95,1,11.66
2674,1544,34,2,63.43
2675,1545,31,1,247.46
2676,1546,89,1,8.39
2677,1546,114,2,48.24
2678,1546,33,3,211.97
2679,1546,15,1,767.32
2680,1547,29,1,49.42
2681,1548,1,1,586.3
2682,1548,32,1,142.78
2683,1548,39,1,229.32
2684,1548,90,1,19.83
2685,1549,85,1,12.5
2686,1550,108,1,86.41
2687,1551,104,2,39.69
2688,1551,86,1,37.74
2689,1552,23,3,27.31
2690,1553,54,1,22.27
2691,1554,53,1,39.35
2692,1554,80,1,78.27
2693,1555,63,1,12.16
2694,1556,114,2,48.24
2695,1556,38,1,166.62
2696,1557,68,1,36.67
2697,1557,43,1,53.93
2698,1558,69,1,31.93
2699,1559,58,1,110.39
2700,1560,33,1,211.97
2701,1561,54,1,22.27
2702,1561,48,1,16.99
2703,1561,112,1,51.54
2704,1562,20,3,779.69
2705,1563,109,1,52.68
2706,1563,61,1,231.6
2707,1564,2,1,269.28
2708,1564,67,1,264.87
2709,1564,44,1,119.73
2710,1565,83,1,35.09
2711,1565,28,1,164.82
2712,1565,56,1,106.34
2713,1566,113,1,10.8
2714,1566,24,1,32.44
2715,1567,60,1,76.99
2716,1567,16,1,732.2
2717,1568,21,1,178.51
2718,1568,49,1,119.57
2719,1569,73,1,133.86
2720,1570,31,1,247.46
2721,1570,28,2,164.82
2722,1571,20,1,779.69
2723,1572,101,1,87.4
2724,1572,80,3,78.27
2725,1572,2,3,269.28
2726,1572,27,1,72.61
2727,1573,100,1,39.97
2728,1574,20,2,779.69
2729,1575,83,2,35.09
2730,1576,79,1,109.37
2731,1576,8,1,595.4
2732,1576,42,2,74.3
2733,1577,21,1,178.51
2734,1577,31,2,247.46
2735,1577,113,1,10.8
2736,1578,24,1,32.44
2737,1579,119,1,80.78
2738,1579,64,1,17.61
2739,1580,49,1,119.57
2740,1580,51,1,11.26
2741,1580,72,1,88.34
2742,1580,4,1,806.2
2743,1581,75,1,69.93
2744,1582,7,1,53.09
2745,1582,71,1,148.88
2746,1582,103,2,46.79
2747,1583,107,1,44.22
2748,1584,97,2,13.74
2749,1584,101,1,87.4
2750,1585,48,1,16.99
2751,1586,95,1,11.66
2752,1586,116,1,12.73
2753,1586,50,1,116.82
2754,1587,43,2,53.93
2755,1587,115,1,19.22
2756,1588,67,2,264.87
2757,1589,64,3,17.61
2758,1590,91,1,30.52
2759,1590,107,1,44.22
2760,1591,120,1,55.94
2761,1591,14,1,110.69
2762,1592,8,1,595.4
2763,1593,84,1,13.33
2764,1594,111,1,87.37
2765,1594,89,1,8.39
2766,1594,62,1,236.24
2767,1594,116,1,12.73
2768,1595,13,2,862.78
2769,1595,37,2,220.08
2770,1596,62,1,236.24
2771,1597,32,3,142.78
2772,1598,116,1,12.73
2773,1598,28,1,164.82
2774,1598,97,1,13.74
2775,1599,103,1,46.79
2776,1600,92,2,39.45
2777,1600,93,1,19.09
2778,1601,96,3,19.77
2779,1601,49,1,119.57
2780,1602,9,1,221.78
2781,1602,16,2,732.2
2782,1603,62,1,236.24
2783,1604,64,1,17.61
2784,1605,64,1,17.61
2785,1606,68,1,36.67
2786,1607,118,1,25.76
2787,1607,67,1,264.87
2788,1607,16,1,732.2
2789,1608,21,1,178.51
2790,1609,92,1,39.45
2791,1610,21,1,178.51
2792,1610,80,1,78.27
2793,1610,104,1,39.69
2794,1610,117,1,55.98
2795,1611,21,1,178.51
2796,1612,72,1,88.34
2797,1612,79,1,109.37
2798,1613,27,2,72.61
2799,1613,12,1,326.02
2800,1614,34,1,63.43
2801,1614,117,1,55.98
2802,1615,83,1,35.09
2803,1615,18,1,359.32
2804,1616,79,1,109.37
2805,1617,23,1,27.31
2806,1617,64,1,17.61
2807,1617,89,1,8.39
2808,1617,33,2,211.97
2809,1618,53,1,39.35
2810,1618,120,1,55.94
2811,1619,58,2,110.39
2812,1619,4,1,806.2
2813,1620,120,1,55.94
2814,1620,62,2,236.24
2815,1620,20,1,779.69
2816,1621,19,1,751.58
2817,1621,118,2,25.76
2818,1622,30,3,47.54
2819,1623,3,1,670.73
2820,1624,6,1,220.22
2821,1625,32,1,142.78
2822,1626,63,1,12.16
2823,1627,110,1,19.0
2824,1627,63,1,12.16
2825,1628,45,1,20.0
2826,1629,6,1,220.22
2827,1630,76,1,298.6
2828,1631,79,1,109.37
2829,1631,24,2,32.44
2830,1632,36,1,59.06
2831,1632,113,1,10.8
2832,1632,106,1,28.28
2833,1633,101,2,87.4
2834,1633,45,1,20.0
2835,1634,57,1,65.06
2836,1635,82,1,13.01
2837,1636,87,1,21.54
2838,1637,75,1,69.93
2839,1638,24,1,32.44
2840,1639,70,2,232.56
2841,1640,60,1,76.99
2842,1640,58,1,110.39
2843,1641,31,3,247.46
2844,1642,120,1,55.94
2845,1642,69,1,31.93
2846,1642,51,1,11.26
2847,1642,47,2,97.13
2848,1643,84,3,13.33
2849,1644,78,1,46.85
2850,1644,21,1,178.51
2851,1645,55,1,59.91
2852,1646,94,1,35.16
2853,1647,97,1,13.74
2854,1647,75,1,69.93
2855,1647,29,1,49.42
2856,1647,6,1,220.22
2857,1648,56,1,106.34
2858,1648,116,2,12.73
2859,1648,20,1,779.69
2860,1649,6,1,220.22
2861,1649,11,1,731.06
2862,1650,85,2,12.5
2863,1650,19,1,751.58
2864,1651,40,1,72.1
2865,1652,11,1,731.06
2866,1653,36,2,59.06
2867,1654,97,1,13.74
2868,1654,56,1,106.34
2869,1654,57,1,65.06
2870,1655,33,1,211.97
2871,1656,115,1,19.22
2872,1657,32,1,142.78
2873,1657,25,1,161.84
2874,1658,112,1,51.54
2875,1659,66,1,100.56
2876,1660,46,1,22.06
2877,1660,76,1,298.6
2878,1661,88,1,33.26
2879,1661,18,1,359.32
2880,1661,79,3,109.37
2881,1661,71,2,148.88
2882,1662,108,1,86.41
2883,1662,39,1,229.32
2884,1663,106,1,28.28
2885,1664,98,1,20.51
2886,1665,65,1,265.07
2887,1666,2,1,269.28
2888,1666,94,1,35.16
2889,1666,21,2,178.51
2890,1667,21,2,178.51
2891,1668,52,1,84.99
2892,1669,29,1,49.42
2893,1670,1,1,586.3
2894,1670,118,2,25.76
2895,1671,75,1,69.93
2896,1671,20,3,779.69
2897,1671,95,2,11.66
2898,1672,78,2,46.85
2899,1673,1,1,586.3
2900,1673,112,2,51.54
2901,1674,5,1,397.07
2902,1675,47,1,97.13
2903,1676,54,1,22.27
2904,1677,106,2,28.28
2905,1678,115,1,19.22
2906,1678,62,1,236.24
2907,1679,21,1,178.51
2908,1679,70,1,232.56
2909,1680,81,1,7.48
2910,1681,48,1,16.99
2911,1681,20,1,779.69
2912,1682,30,1,47.54
2913,1683,37,1,220.08
2914,1683,14,1,110.69
2915,1684,10,1,734.2
2916,1684,13,1,862.78
2917,1684,48,1,16.99
2918,1685,95,1,11.66
2919,1686,9,1,221.78
2920,1686,65,1,265.07
2921,1686,109,1,52.68
2922,1687,57,1,65.06
2923,1688,106,1,28.28
2924,1689,114,1,48.24
2925,1690,28,1,164.82
2926,1690,50,2,116.82
2927,1691,95,1,11.66
2928,1692,45,1,20.0
2929,1693,74,2,167.32
2930,1694,42,1,74.3
2931,1695,16,1,732.2
2932,1695,81,1,7.48
2933,1695,21,1,178.51
2934,1695,111,1,87.37
2935,1696,25,1,161.84
2936,1696,93,1,19.09
2937,1696,53,1,39.35
2938,1696,74,1,167.32
2939,1697,105,1,37.83
2940,1698,53,1,39.35
2941,1699,102,1,77.29
2942,1700,8,1,595.4
2943,1700,54,1,22.27
2944,1700,28,1,164.82
2945,1701,27,3,72.61
2946,1702,18,3,359.32
2947,1702,19,2,751.58
2948,1703,115,1,19.22
2949,1704,95,2,11.66
2950,1704,43,1,53.93
2951,1705,34,1,63.43
2952,1706,25,3,161.84
2953,1706,90,1,19.83
2954,1706,69,1,31.93
2955,1706,105,1,37.83
2956,1707,103,1,46.79
2957,1707,66,1,100.56
2958,1708,24,1,32.44
2959,1708,28,1,164.82
2960,1709,38,1,166.62
2961,1709,88,1,33.26
2962,1710,38,1,166.62
2963,1710,103,1,46.79
2964,1710,14,1,110.69
2965,1710,31,1,247.46
2966,1711,5,1,397.07
2967,1712,61,1,231.6
2968,1713,39,2,229.32
2969,1713,17,1,496.52
2970,1714,53,1,39.35
2971,1715,112,1,51.54
2972,1716,5,1,397.07
2973,1716,65,1,265.07
2974,1717,57,1,65.06
2975,1717,27,1,72.61
2976,1717,113,1,10.8
2977,1718,90,1,19.83
2978,1719,27,1,72.61
2979,1719,83,2,35.09
2980,1720,22,1,63.15
2981,1721,35,1,84.34
2982,1722,119,2,80.78
2983,1722,68,1,36.67
2984,1723,61,1,231.6
2985,1723,76,1,298.6
2986,1724,118,2,25.76
2987,1725,97,1,13.74
2988,1725,34,1,63.43
2989,1726,89,1,8.39
2990,1727,74,1,167.32
2991,1728,31,2,247.46
2992,1729,87,1,21.54
2993,1730,65,1,265.07
2994,1731,74,3,167.32
2995,1732,37,1,220.08
2996,1733,34,1,63.43
2997,1734,27,1,72.61
2998,1734,85,1,12.5
2999,1735,33,3,211.97
3000,1736,34,3,63.43
3001,1736,63,1,12.16
3002,1737,56,1,106.34
3003,1737,117,1,55.98
3004,1738,85,2,12.5
3005,1739,70,1,232.56
3006,1739,34,1,63.43
3007,1739,64,1,17.61
3008,1739,59,1,42.83
3009,1740,111,2,87.37
3010,1740,75,2,69.93
3011,1740,24,1,32.44
3012,1741,34,1,63.43
3013,1741,101,1,87.4
3014,1742,42,1,74.3
3015,1743,49,1,119.57
3016,1743,80,1,78.27
3017,1744,5,1,397.07
3018,1745,54,1,22.27
3019,1746,52,1,84.99
3020,1746,3,1,670.73
3021,1746,63,1,12.16
3022,1746,26,1,97.58
3023,1747,80,1,78.27
3024,1747,85,1,12.5
3025,1747,95,1,11.66
3026,1747,7,1,53.09
3027,1748,86,1,37.74
3028,1749,50,1,116.82
3029,1749,72,2,88.34
3030,1750,76,1,298.6
3031,1751,70,1,232.56
3032,1751,3,1,670.73
3033,1752,58,1,110.39
3034,1752,30,1,47.54
3035,1753,5,1,397.07
3036,1754,107,1,44.22
3037,1754,24,3,32.44
3038,1754,11,1,731.06
3039,1755,98,1,20.51
3040,1755,92,1,39.45
3041,1755,112,1,51.54
3042,1756,44,1,119.73
3043,1756,95,1,11.66
3044,1757,13,1,862.78
3045,1758,29,1,49.42
3046,1759,59,1,42.83
3047,1760,100,1,39.97
3048,1760,38,1,166.62
3049,1760,95,1,11.66
3050,1761,40,2,72.1
3051,1761,53,2,39.35
3052,1762,30,1,47.54
3053,1762,86,2,37.74
3054,1763,114,1,48.24
3055,1764,7,1,53.09
3056,1764,32,2,142.78
3057,1764,72,1,88.34
3058,1765,115,1,19.22
3059,1765,83,1,35.09
3060,1765,118,2,25.76
3061,1765,97,1,13.74
3062,1766,18,2,359.32
3063,1767,94,1,35.16
3064,1768,73,2,133.86
3065,1769,82,2,13.01
3066,1770,59,1,42.83
3067,1770,47,1,97.13
3068,1770,114,1,48.24
3069,1771,64,1,17.61
3070,1772,65,1,265.07
3071,1773,71,1,148.88
3072,1774,57,1,65.06
3073,1775,71,1,148.88
3074,1775,106,1,28.28
3075,1776,92,1,39.45
3076,1776,103,1,46.79
3077,1777,67,3,264.87
3078,1778,26,1,97.58
3079,1779,108,1,86.41
3080,1780,96,1,19.77
3081,1780,88,1,33.26
3082,1781,13,2,862.78
3083,1781,91,3,30.52
3084,1781,103,1,46.79
3085,1782,75,1,69.93
3086,1783,39,1,229.32
3087,1784,120,2,55.94
3088,1785,12,1,326.02
3089,1786,22,1,63.15
3090,1786,19,2,751.58
3091,1786,99,1,24.26
3092,1787,102,1,77.29
3093,1788,30,1,47.54
3094,1788,89,1,8.39
3095,1788,68,1,36.67
3096,1789,114,1,48.24
3097,1790,109,1,52.68
3098,1791,107,3,44.22
3099,1791,80,1,78.27
3100,1792,10,1,734.2
3101,1793,45,1,20.0
3102,1793,12,2,326.02
3103,1793,88,1,33.26
3104,1794,2,2,269.28
3105,1794,20,1,779.69
3106,1795,50,1,116.82
3107,1796,70,1,232.56
3108,1796,66,1,100.56
3109,1797,59,2,42.83
3110,1798,86,2,37.74
3111,1799,118,1,25.76
3112,1800,2,1,269.28
3113,1800,90,2,19.83
3114,1801,5,2,397.07
3115,1802,119,1,80.78
3116,1803,94,3,35.16
3117,1804,39,1,229.32
3118,1805,116,1,12.73
3119,1806,28,1,164.82
3120,1806,97,1,13.74
3121,1806,24,2,32.44
3122,1807,2,2,269.28
3123,1808,104,1,39.69
3124,1809,95,1,11.66
3125,1809,21,1,178.51
3126,1809,45,1,20.0
3127,1809,6,1,220.22
3128,1810,29,2,49.42
3129,1810,6,1,220.22
3130,1810,8,1,595.4
3131,1811,111,1,87.37
3132,1812,105,1,37.83
3133,1813,80,3,78.27
3134,1814,117,1,55.98
3135,1815,99,1,24.26
3136,1816,17,1,496.52
3137,1817,50,1,116.82
3138,1818,118,1,25.76
3139,1818,111,2,87.37
3140,1818,17,1,496.52
3141,1818,79,1,109.37
3142,1819,24,2,32.44
3143,1819,92,2,39.45
3144,1819,38,1,166.62
3145,1820,55,2,59.91
3146,1820,34,1,63.43
3147,1820,70,1,232.56
3148,1820,1,1,586.3
3149,1821,78,1,46.85
3150,1821,21,1,178.51
3151,1822,2,1,269.28
3152,1822,8,1,595.4
3153,1822,37,1,220.08
3154,1823,2,1,269.28
3155,1823,21,2,178.51
3156,1823,71,1,148.88
3157,1823,25,3,161.84
3158,1824,113,1,10.8
3159,1824,116,1,12.73
3160,1824,86,1,37.74
3161,1825,39,1,229.32
3162,1825,95,1,11.66
3163,1825,68,2,36.67
3164,1825,86,1,37.74
3165,1826,101,2,87.4
3166,1827,26,1,97.58
3167,1828,72,1,88.34
3168,1828,17,1,496.52
3169,1828,79,1,109.37
3170,1828,65,3,265.07
3171,1829,88,1,33.26
3172,1829,101,2,87.4
3173,1830,13,1,862.78
3174,1831,117,1,55.98
3175,1832,36,1,59.06
3176,1833,39,1,229.32
3177,1833,19,1,751.58
3178,1834,22,1,63.15
3179,1835,92,1,39.45
3180,1835,71,2,148.88
3181,1835,97,1,13.74
3182,1836,60,1,76.99
3183,1836,4,1,806.2
3184,1836,43,1,53.93
3185,1837,117,3,55.98
3186,1838,115,2,19.22
3187,1839,77,1,138.17
3188,1839,23,1,27.31
3189,1839,82,1,13.01
3190,1839,49,2,119.57
3191,1840,63,1,12.16
3192,1841,11,2,731.06
3193,1841,76,1,298.6
3194,1842,58,1,110.39
3195,1843,8,1,595.4
3196,1843,64,3,17.61
3197,1844,84,1,13.33
3198,1844,92,1,39.45
3199,1844,52,3,84.99
3200,1845,74,2,167.32
3201,1845,111,1,87.37
3202,1846,25,2,161.84
3203,1846,106,1,28.28
3204,1847,32,1,142.78
3205,1847,90,2,19.83
3206,1847,17,2,496.52
3207,1848,84,1,13.33
3208,1849,108,1,86.41
3209,1850,48,1,16.99
3210,1851,13,1,862.78
3211,1852,22,1,63.15
