product_id,product_name,category,unit_price,unit_cost
1,ELEC-01,Electronics,586.3,297.55
2,ELEC-02,Electronics,269.28,152.67
3,ELEC-03,Electronics,670.73,471.53
4,ELEC-04,Electronics,806.2,424.13
5,ELEC-05,Electronics,397.07,202.08
6,ELEC-06,Electronics,220.22,143.5
7,ELEC-07,Electronics,53.09,29.71
8,ELEC-08,Electronics,595.4,395.04
9,ELEC-09,Electronics,221.78,150.1
10,ELEC-10,Electronics,734.2,368.53
11,ELEC-11,Electronics,731.06,518.64
12,ELEC-12,Electronics,326.02,178.22
13,ELEC-13,Electronics,862.78,518.51
14,ELEC-14,Electronics,110.69,58.56
15,ELEC-15,Electronics,767.32,522.64
16,ELEC-16,Electronics,732.2,526.39
17,ELEC-17,Electronics,496.52,393.21
18,ELEC-18,Electronics,359.32,239.17
19,ELEC-19,Electronics,751.58,515.25
20,ELEC-20,Electronics,779.69,524.89
21,HOME-01,Home & Garden,178.51,91.71
22,HOME-02,Home & Garden,63.15,37.06
23,HOME-03,Home & Garden,27.31,15.56
24,HOME-04,Home & Garden,32.44,18.93
25,HOME-05,Home & Garden,161.84,98.63
26,HOME-06,Home & Garden,97.58,54.92
27,HOME-07,Home & Garden,72.61,56.71
28,HOME-08,Home & Garden,164.82,112.53
29,HOME-09,Home & Garden,49.42,35.52
30,HOME-10,Home & Garden,47.54,29.18
31,HOME-11,Home & Garden,247.46,171.24
32,HOME-12,Home & Garden,142.78,100.71
33,HOME-13,Home & Garden,211.97,155.33
34,HOME-14,Home & Garden,63.43,32.33
35,HOME-15,Home & Garden,84.34,48.94
36,HOME-16,Home & Garden,59.06,46.24
37,HOME-17,Home & Garden,220.08,130.82
38,HOME-18,Home & Garden,166.62,103.09
39,HOME-19,Home & Garden,229.32,146.23
40,HOME-20,Home & Garden,72.1,41.38
41,CLOT-01,Clothing,71.75,41.53
42,CLOT-02,Clothing,74.3,57.16
43,CLOT-03,Clothing,53.93,30.51
44,CLOT-04,Clothing,119.73,78.17
45,CLOT-05,Clothing,20.0,10.28
46,CLOT-06,Clothing,22.06,15.18
47,CLOT-07,Clothing,97.13,60.87
48,CLOT-08,Clothing,16.99,10.44
49,CLOT-09,Clothing,119.57,78.76
50,CLOT-10,Clothing,116.82,88.58
51,CLOT-11,Clothing,11.26,8.06
52,CLOT-12,Clothing,84.99,56.19
53,CLOT-13,Clothing,39.35,27.24
54,CLOT-14,Clothing,22.27,14.04
55,CLOT-15,Clothing,59.91,47.1
56,CLOT-16,Clothing,106.34,61.57
57,CLOT-17,Clothing,65.06,36.02
58,CLOT-18,Clothing,110.39,84.02
59,CLOT-19,Clothing,42.83,29.62
60,CLOT-20,Clothing,76.99,42.03
61,SPOR-01,Sports,231.6,153.28
62,SPOR-02,Sports,236.24,155.71
63,SPOR-03,Sports,12.16,7.26
64,SPOR-04,Sports,17.61,13.71
65,SPOR-05,Sports,265.07,198.67
66,SPOR-06,Sports,100.56,52.03
67,SPOR-07,Sports,264.87,207.68
68,SPOR-08,Sports,36.67,23.68
69,SPOR-09,Sports,31.93,23.25
70,SPOR-10,Sports,232.56,125.24
71,SPOR-11,Sports,148.88,99.0
72,SPOR-12,Sports,88.34,67.29
73,SPOR-13,Sports,133.86,75.44
74,SPOR-14,Sports,167.32,120.3
75,SPOR-15,Sports,69.93,41.5
76,SPOR-16,Sports,298.6,207.52
77,SPOR-17,Sports,138.17,90.54
78,SPOR-18,Sports,46.85,26.58
79,SPOR-19,Sports,109.37,73.99
80,SPOR-20,Sports,78.27,44.31
81,BOOK-01,Books,7.48,5.16
82,BOOK-02,Books,13.01,10.04
83,BOOK-03,Books,35.09,18.29
84,BOOK-04,Books,13.33,9.34
85,BOOK-05,Books,12.5,6.75
86,BOOK-06,Books,37.74,25.34
87,BOOK-07,Books,21.54,15.84
88,BOOK-08,Books,33.26,18.53
89,BOOK-09,Books,8.39,5.28
90,BOOK-10,Books,19.83,12.69
91,BOOK-11,Books,30.52,21.43
92,BOOK-12,Books,39.45,20.89
93,BOOK-13,Books,19.09,11.49
94,BOOK-14,Books,35.16,20.2
95,BOOK-15,Books,11.66,7.4
96,BOOK-16,Books,19.77,11.54
97,BOOK-17,Books,13.74,10.68
98,BOOK-18,Books,20.51,15.55
99,BOOK-19,Books,24.26,12.5
100,BOOK-20,Books,39.97,30.01
101,BEAU-01,Beauty,87.4,67.99
102,BEAU-02,Beauty,77.29,42.5
103,BEAU-03,Beauty,46.79,26.4
104,BEAU-04,Beauty,39.69,20.54
105,BEAU-05,Beauty,37.83,30.1
106,BEAU-06,Beauty,28.28,20.79
107,BEAU-07,Beauty,44.22,27.72
108,BEAU-08,Beauty,86.41,69.01
109,BEAU-09,Beauty,52.68,37.69
110,BEAU-10,Beauty,19.0,11.19
111,BEAU-11,Beauty,87.37,58.87
112,BEAU-12,Beauty,51.54,37.34
113,BEAU-13,Beauty,10.8,7.29
114,BEAU-14,Beauty,48.24,36.46
115,BEAU-15,Beauty,19.22,15.15
116,BEAU-16,Beauty,12.73,7.07
117,BEAU-17,Beauty,55.98,39.33
118,BEAU-18,Beauty,25.76,13.81
119,BEAU-19,Beauty,80.78,46.36
120,BEAU-20,Beauty,55.94,38.36
