product_id,product_name,category,subcategory,brand,list_price,unit_cost,launch_date,discontinued_date
1,Lumea Reed Diffuser 100ml,Home & Kitchen,Decor,Lumea,19.99,84.0,2023-09-03,
2,Strata Lightweight Running Jacket,Sports & Outdoors,Running,Strata,69.99,41.13,2023-09-03,
3,Fjord Wear Men's Down Parka,Fashion,Outerwear,Fjord Wear,249.99,101.69,2023-09-04,
4,Naturo Relaxing Massage Oil 200ml,Beauty & Care,Wellness,Naturo,14.99,8.56,2023-09-04,
5,Pixora Indoor Security Camera 2K,Electronics,Smart Home,Pixora,49.99,35.03,2023-09-04,
6,Silka Ionic Hair Dryer 2200W,Beauty & Care,Haircare,Silka,59.99,25.24,2023-09-04,
7,Panela Stainless Steel Pot Set 5-Piece,Home & Kitchen,Cookware,Panela,139.99,72.36,2023-09-06,
8,Whiskr Wet Cat Food 12x85g,Pets,Food,Whiskr,13.99,10.58,2023-09-06,
9,Aktiva Football Size 5,Sports & Outdoors,Team Sports,Aktiva,24.99,15.4,2023-09-07,
10,Dermia Men's Face Moisturizer 75ml,Beauty & Care,Skincare,Dermia,19.99,8.96,2023-09-07,
11,Moda Nord Women's Ribbed Knit Cardigan,Fashion,Tops,Moda Nord,54.99,21.72,2023-09-07,
12,Pumpa Sandbox Toy Set,Toys & Kids,Outdoor Toys,Pumpa,13.49,6.61,2023-09-09,
13,Kidora Wooden Dollhouse 3-Storey,Toys & Kids,Dolls,Kidora,89.99,48.22,2023-09-12,
14,Terra Balcony Planter Box 60cm,Garden,Planters,Terra,24.99,11.24,2023-09-12,
15,Velora Women's Linen Blouse,Fashion,Tops,Velora,37.99,14.88,2023-09-12,2025-02-13
16,Aktiva Portable Football Goal 180x120,Sports & Outdoors,Team Sports,Aktiva,69.99,44.0,2023-09-14,
17,Fitora Jump Rope with Counter,Sports & Outdoors,Fitness,Fitora,11.99,7.35,2023-09-14,
18,Urbana Men's Leather Wallet,Fashion,Accessories,Urbana,39.99,11.81,2023-09-15,
19,Voltis Nova 7 5G Smartphone 128GB,Electronics,Phones,Voltis,299.99,271.34,2023-09-15,2025-04-30
20,Verda Outdoor String Lights 15m,Garden,Lighting,Verda,32.99,13.73,2023-09-17,
21,Fitora Resistance Bands Set,Sports & Outdoors,Fitness,Fitora,24.99,15.43,2023-09-18,
22,Naturo Percussion Massage Gun,Beauty & Care,Wellness,Naturo,109.99,47.46,2023-09-18,
23,Naturo Ultrasonic Essential Oil Diffuser,Beauty & Care,Wellness,Naturo,37.99,21.44,2023-09-18,
24,Panela Non-Stick Frying Pan 28cm,Home & Kitchen,Cookware,Panela,32.99,19.28,2023-09-18,
25,Greenly Bypass Pruning Shears,Garden,Tools,Greenly,22.99,12.69,2023-09-20,
26,Lumea LED Fairy Lights 10m,Home & Kitchen,Decor,Lumea,16.49,7.69,2023-09-20,
27,Baltix Smart Plug Wi-Fi 2-Pack,Electronics,Smart Home,Baltix,29.99,22.44,2023-09-23,
28,Fjord Wear Men's Oxford Shirt,Fashion,Tops,Fjord Wear,34.99,11.95,2023-09-24,
29,Wonda Illuminated World Globe 25cm,Toys & Kids,Learning,Wonda,34.99,17.92,2023-09-26,2025-07-29
30,Aurelo USB-C Fast Charger 30W,Electronics,Accessories,Aurelo,22.99,12.63,2023-09-27,2025-10-27
31,Fitora Yoga Mat 6mm,Sports & Outdoors,Fitness,Fitora,29.99,15.89,2023-09-27,
32,Greenly Expandable Garden Hose 15m,Garden,Tools,Greenly,37.99,22.87,2023-09-27,
33,Zenit Buds Lite Wireless Earbuds,Electronics,Audio,Zenit,34.99,25.23,2023-09-28,
34,Aktiva Beach Volleyball,Sports & Outdoors,Team Sports,Aktiva,27.99,18.04,2023-09-29,
35,Bricko City Fire Station 512 pcs,Toys & Kids,Building,Bricko,49.99,30.12,2023-09-30,2024-11-18
36,Tinko Jigsaw Puzzle 500 pcs Seaside,Toys & Kids,Puzzles,Tinko,12.99,6.19,2023-09-30,
37,Nordtek 27in QHD Monitor,Electronics,Computing,Nordtek,179.99,165.17,2023-10-01,
38,Pawly Automatic Ball Launcher,Pets,Toys,Pawly,79.99,35.51,2023-10-01,2026-01-02
39,Hearthly Cotton Sateen Fitted Sheet 160x200,Home & Kitchen,Textiles,Hearthly,39.99,18.62,2023-10-02,
40,Nordtek X2 5G Smartphone 256GB,Electronics,Phones,Nordtek,599.99,545.82,2023-10-02,2024-12-15
41,Kopa Fabric Storage Box 3-Pack,Home & Kitchen,Storage,Kopa,22.99,9.12,2023-10-03,
42,Rovena Cycling Gloves,Sports & Outdoors,Cycling,Rovena,22.99,11.94,2023-10-03,2025-11-24
43,Urbana Baseball Cap,Fashion,Accessories,Urbana,18.99,5.18,2023-10-03,
44,Wonda Coding Robot Kit,Toys & Kids,Learning,Wonda,74.99,45.81,2023-10-04,
45,Bricko Racing Car 340 pcs,Toys & Kids,Building,Bricko,32.99,21.42,2023-10-06,
46,Domus Cordless Stick Vacuum,Home & Kitchen,Appliances,Domus,169.99,127.32,2023-10-06,2025-05-14
47,Hearthly Linen Duvet Cover Set 200x220,Home & Kitchen,Textiles,Hearthly,84.99,37.7,2023-10-06,
48,Lumiere Lab Oud Intense Eau de Parfum 100ml,Beauty & Care,Fragrance,Lumiere Lab,89.99,50.63,2023-10-07,
49,Velora Women's Leather Gloves,Fashion,Accessories,Velora,42.99,12.41,2023-10-09,
50,Greenly Hand Tool Set 3-Piece,Garden,Tools,Greenly,24.99,16.09,2023-10-10,
51,Kopa Food Storage Containers 10-Pack,Home & Kitchen,Storage,Kopa,27.99,11.86,2023-10-10,
52,Rovena Bike Phone Mount,Sports & Outdoors,Cycling,Rovena,16.49,9.82,2023-10-10,
53,Stilo Men's Leather Derby Shoes,Fashion,Footwear,Stilo,84.99,44.42,2023-10-10,
54,Baltix Smart Thermostat,Electronics,Smart Home,Baltix,129.99,103.14,2023-10-11,
55,Hearthly Waffle Bathrobe,Home & Kitchen,Textiles,Hearthly,44.99,18.36,2023-10-11,
56,Bricko Junior Farm Set 120 pcs,Toys & Kids,Building,Bricko,19.99,12.77,2023-10-12,
57,Dermia Hyaluronic Acid Serum 30ml,Beauty & Care,Skincare,Dermia,22.99,8.57,2023-10-12,
58,Dermia Mineral Sunscreen SPF50 100ml,Beauty & Care,Skincare,Dermia,16.99,8.4,2023-10-12,
59,Silka Repair Shampoo 300ml,Beauty & Care,Haircare,Silka,10.99,6.43,2023-10-12,
60,Stilo Women's Suede Ankle Boots,Fashion,Footwear,Stilo,94.99,46.61,2023-10-14,2025-07-05
61,Pura Vanilla Body Mist 200ml,Beauty & Care,Fragrance,Pura,16.49,10.82,2023-10-15,2025-02-22
62,Domus Electric Coffee Grinder,Home & Kitchen,Appliances,Domus,29.99,21.85,2023-10-16,
63,Fjord Wear Men's Rain Jacket,Fashion,Outerwear,Fjord Wear,99.99,37.91,2023-10-16,
64,Naturo Lavender Bath Salts 500g,Beauty & Care,Wellness,Naturo,10.99,5.55,2023-10-16,
65,Kopa Men's Chino Trousers,Fashion,Bottoms,Kopa,37.99,10.32,2023-10-17,
66,Verdane Round Wall Mirror 60cm,Home & Kitchen,Decor,Verdane,69.99,33.83,2023-10-17,
67,Kopa Dog Bed M,Pets,Beds,Kopa,34.99,15.57,2023-10-19,
68,Panela Knife Block Set 6-Piece,Home & Kitchen,Cookware,Panela,99.99,50.4,2023-10-19,
69,Zenit Pulse ANC Wireless Headphones,Electronics,Audio,Zenit,149.99,108.35,2023-10-20,
70,Dermia Gentle Foaming Cleanser 150ml,Beauty & Care,Skincare,Dermia,14.49,7.28,2023-10-21,
71,Stilo Men's Waterproof Winter Boots,Fashion,Footwear,Stilo,139.99,64.85,2023-10-21,2025-03-10
72,Aurelo Wireless Charging Pad 15W,Electronics,Accessories,Aurelo,24.99,10.34,2023-10-22,
73,Trekka Self-Inflating Sleeping Mat,Sports & Outdoors,Camping,Trekka,49.99,30.58,2023-10-23,
74,Mimi Plush Bunny 30cm,Toys & Kids,Dolls,Mimi,17.49,9.96,2023-10-24,
75,Wonda Kids Microscope Set,Toys & Kids,Learning,Wonda,44.99,25.57,2023-10-25,
76,Fjord Wear Men's Softshell Jacket,Fashion,Outerwear,Fjord Wear,84.99,41.69,2023-10-27,2025-02-04
77,Furro Waterproof Dog Mat XL,Pets,Beds,Furro,54.99,24.33,2023-10-27,
78,Glowva Matte Lipstick,Beauty & Care,Makeup,Glowva,12.49,4.76,2023-10-27,
79,Fjord Wear Men's Regular Fit Jeans,Fashion,Bottoms,Fjord Wear,54.99,21.43,2023-10-30,
80,Fjord Wear Men's Softshell Hiking Trousers,Fashion,Bottoms,Fjord Wear,69.99,27.02,2023-10-30,
81,Hortus Garden Bench 120cm,Garden,Furniture,Hortus,179.99,97.93,2023-10-30,
82,Snoutz Gentle Pet Shampoo 250ml,Pets,Grooming,Snoutz,10.49,4.21,2023-10-30,
83,Glowva Eyeshadow Palette 12 Shades,Beauty & Care,Makeup,Glowva,27.99,12.16,2023-10-31,
84,Nordtek Boom Mini Bluetooth Speaker,Electronics,Audio,Nordtek,29.99,21.97,2023-11-01,
85,Casaro Bamboo Drawer Organizer,Home & Kitchen,Storage,Casaro,24.99,10.1,2023-11-02,
86,Pawly Rubber Chew Toy,Pets,Toys,Pawly,8.99,4.22,2023-11-02,
87,Fitora Adjustable Dumbbell Set 20kg,Sports & Outdoors,Fitness,Fitora,89.99,50.94,2023-11-03,
88,Casaro Shoe Rack 3-Tier,Home & Kitchen,Storage,Casaro,34.99,16.52,2023-11-04,
89,Trekka Folding Camping Chair,Sports & Outdoors,Camping,Trekka,29.99,19.28,2023-11-07,
90,Peakline Camping Gas Stove,Sports & Outdoors,Camping,Peakline,39.99,22.84,2023-11-08,
91,Panela Wok Pan 30cm,Home & Kitchen,Cookware,Panela,44.99,20.56,2023-11-09,
92,Furro Cat Window Hammock,Pets,Beds,Furro,24.99,14.34,2023-11-10,
93,Glowva Volume Mascara,Beauty & Care,Makeup,Glowva,13.99,6.67,2023-11-11,
94,Naturo Magnesium Body Spray 100ml,Beauty & Care,Wellness,Naturo,12.99,7.06,2023-11-11,
95,Panela Non-Stick Saucepan 18cm,Home & Kitchen,Cookware,Panela,29.99,16.26,2023-11-11,
96,Aurelo Power Bank 20000mAh,Electronics,Accessories,Aurelo,37.99,20.33,2023-11-13,
97,Rovena Pannier Bag 20L,Sports & Outdoors,Cycling,Rovena,54.99,32.26,2023-11-15,
98,Petia Grain-Free Dog Treats 300g,Pets,Food,Petia,8.49,6.26,2023-11-16,
99,Pura Fresh Bloom Eau de Toilette 50ml,Beauty & Care,Fragrance,Pura,29.99,20.02,2023-11-16,
100,Zenit Buds 3 True Wireless Earbuds,Electronics,Audio,Zenit,79.99,53.05,2023-11-16,
101,Fjord Wear Men's Flannel Shirt,Fashion,Tops,Fjord Wear,39.99,12.65,2023-11-17,
102,Linea Women's Merino Wool Sweater,Fashion,Tops,Linea,59.99,25.07,2023-11-18,
103,Pumpa Bubble Machine,Toys & Kids,Outdoor Toys,Pumpa,19.99,10.57,2023-11-20,2026-02-13
104,Doggo Adult Dry Dog Food Chicken 12kg,Pets,Food,Doggo,59.99,44.31,2023-11-21,
105,Naturo Acupressure Mat Set,Beauty & Care,Wellness,Naturo,37.99,18.61,2023-11-22,
106,Pixora Tab 11 Tablet 128GB,Electronics,Computing,Pixora,259.99,229.79,2023-11-22,
107,Snoutz Ear Cleaner 120ml,Pets,Grooming,Snoutz,9.99,4.78,2023-11-23,
108,Pixora Video Doorbell,Electronics,Smart Home,Pixora,89.99,61.47,2023-11-25,
109,Stilo Women's Ballet Flats,Fashion,Footwear,Stilo,44.99,19.64,2023-11-25,
110,Linea Merino Wool Beanie,Fashion,Accessories,Linea,18.99,7.91,2023-11-26,
111,Verdane Linen Cushion Cover 45x45,Home & Kitchen,Decor,Verdane,18.99,8.22,2023-11-26,
112,Hearthly Blackout Curtains 2-Pack,Home and Kitchen,Textiles,Hearthly,49.99,22.42,2023-11-27,2026-06-08
113,Velora Women's Pleated Midi Skirt,Fashion,Bottoms,Velora,42.99,16.34,2023-11-27,
114,Verda Solar Wall Light with Motion Sensor,Garden,Lighting,Verda,27.99,15.36,2023-11-27,
115,Bloomo Raised Garden Bed 120x60,Garden,Planters,Bloomo,79.99,33.35,2023-11-28,2025-09-15
116,Domus 2-Slice Toaster,Home & Kitchen,Appliances,Domus,34.99,22.95,2023-11-28,
117,Whiskr Feather Wand Toy,Pets,Toys,Whiskr,6.99,2.56,2023-11-28,
118,Fitora Adjustable Weight Bench,Sports & Outdoors,Fitness,Fitora,159.99,99.21,2023-11-29,
119,Rovena U-Lock with Cable,Sports & Outdoors,Cycling,Rovena,34.99,20.31,2023-11-29,
120,Velora Women's Lightweight Puffer Jacket,Fashion,Outerwear,Velora,89.99,43.75,2023-11-29,
121,Bloomo Self-Watering Planter 30cm,Garden,Planters,Bloomo,29.99,14.11,2023-12-01,
122,Terra Terracotta Pot Set 3-Pack,Garden,Planters,Terra,34.99,18.78,2023-12-01,
123,Nordtek Wireless Keyboard and Mouse Set,Electronics,Computing,Nordtek,54.99,39.43,2023-12-02,
124,Urbana Women's Platform Sneakers,Fashion,Footwear,Urbana,69.99,28.65,2023-12-02,
125,Kopa Men's Basic Cotton T-Shirt,Fashion,Tops,Kopa,11.99,3.96,2023-12-03,
126,Rovena Urban Cycling Helmet,Sports & Outdoors,Cycling,Rovena,59.99,35.03,2023-12-03,
127,Whiskr Cat Tree 120cm,Pets,Toys,Whiskr,74.99,33.4,2023-12-03,
128,Trekka Sleeping Bag -5C,Sports & Outdoors,Camping,Trekka,79.99,43.87,2023-12-04,2025-05-22
129,Kopa Women's Denim Shorts,Fashion,Bottoms,Kopa,29.99,9.04,2023-12-05,
130,Glowva Setting Spray 100ml,Beauty & Care,Makeup,Glowva,14.99,7.31,2023-12-06,
131,Linea Knitted Scarf,Fashion,Accessories,Linea,24.99,8.73,2023-12-06,2025-08-25
132,Silka Heat Protection Spray 150ml,Beauty & Care,Haircare,Silka,12.49,7.37,2023-12-07,
133,Verdane Wooden Photo Frame 20x30,Home and Kitchen,Decor,Verdane,14.99,6.08,2023-12-07,
134,Greenly Garden Gloves 3-Pack,Garden,Tools,Greenly,12.99,6.66,2023-12-08,
135,Dermia Vitamin C Serum 30ml,Beauty & Care,Skincare,Dermia,27.99,12.36,2023-12-09,
136,Kopa Cotton Socks 5-Pack,Fashion,Accessories,Kopa,12.99,2.86,2023-12-10,2025-03-01
137,Peakline Hiking Backpack 40L,Sports & Outdoors,Camping,Peakline,89.99,56.11,2023-12-10,
138,Verdane Artificial Olive Tree 120cm,Home & Kitchen,Decor,Verdane,64.99,31.57,2023-12-10,
139,Whiskr Adult Dry Cat Food Salmon 4kg,Pets,Food,Whiskr,34.99,25.59,2023-12-11,
140,Aurelo Braided USB-C Cable 2m,Electronics ,Accessories,Aurelo,11.99,4.36,2023-12-12,2025-12-16
141,Aurelo Laptop Sleeve 14in,Electronics,Accessories,Aurelo,24.99,12.75,2023-12-12,
142,Stilo Women's Leather Sandals,Fashion,Footwear,Stilo,49.99,21.17,2023-12-12,
143,Glowva Long-Wear Foundation 30ml,Beauty & Care,Makeup,Glowva,19.99,9.72,2023-12-14,2026-04-22
144,Urbana Men's Retro Sneakers,Fashion,Footwear,Urbana,69.99,29.33,2023-12-14,
145,Aurelo Clear Phone Case,Electronics,Accessories,Aurelo,14.99,7.33,2024-02-02,
146,Fitora Foam Roller,Sports & Outdoors,Fitness,Fitora,21.99,12.28,2024-02-23,
147,Kopa Unisex Slide Sandals,Fashion,Footwear,Kopa,19.99,9.49,2024-02-26,2025-12-02
148,Linea Women's High-Waist Leggings,Fashion,Bottoms,Linea,29.99,10.22,2024-02-29,
149,Greenly Cordless Grass Trimmer 18V,Garden,Tools,Greenly,129.99,80.31,2024-03-06,2025-08-02
150,Verda Solar Fairy Lights 100 LED,Garden,Lighting,Verda,15.99,8.5,2024-03-07,
151,Rovena USB Rechargeable Bike Light Set,Sports & Outdoors,Cycling,Rovena,29.99,18.9,2024-03-08,
152,Urbana Men's Graphic T-Shirt,Fashion,Tops,Urbana,22.99,7.92,2024-03-16,
153,Pumpa Water Blaster 2-Pack,Toys & Kids,Outdoor Toys,Pumpa,16.49,10.13,2024-03-26,
154,Strata Men's Running Shorts,Sports & Outdoors,Running,Strata,32.99,19.37,2024-03-29,
155,Peakline 2-Person Dome Tent,Sports & Outdoors,Camping,Peakline,139.99,89.09,2024-04-06,
156,Fjord Wear Men's Cargo Shorts,Fashion,Bottoms,Fjord Wear,29.99,11.3,2024-04-10,
157,Domus Air Fryer 5.5L,Home & Kitchen,Appliances,Domus,99.99,71.3,2024-04-13,
158,Glowva Makeup Brush Set 10-Piece,Beauty & Care,Makeup,Glowva,29.99,12.58,2024-04-17,
159,Aktiva Basketball Size 7,Sports & Outdoors,Team Sports,Aktiva,29.99,16.59,2024-04-23,
160,Voltis Lite 5 Smartphone 64GB,Electronics,Phones,Voltis,149.99,137.43,2024-05-10,
161,Lumiere Lab Amber Wood Eau de Parfum 100ml,Beauty & Care,Fragrance,Lumiere Lab,74.99,42.78,2024-05-27,
162,Strata Running Belt,Sports & Outdoors,Running,Strata,15.99,8.84,2024-06-07,
163,Baltix Smart LED Bulb E27 3-Pack,Electronics,Smart Home,Baltix,34.99,27.31,2024-06-10,
164,Casaro Wicker Storage Basket,Home & Kitchen,Storage,Casaro,32.99,13.2,2024-06-13,2026-02-17
165,Glowva Full Coverage Concealer,Beauty & Care,Makeup,Glowva,13.99,6.73,2024-06-13,
166,Urbana Unisex Jogger Pants,Fashion,Bottoms,Urbana,32.99,12.1,2024-06-26,
167,Urbana Unisex Oversized Hoodie,Fashion,Tops,Urbana,47.99,16.89,2024-06-29,
168,Urbana Men's Leather Belt,Fashion,Accessories,Urbana,32.99,11.69,2024-06-30,
169,Casaro Wooden Wall Shelf 80cm,Home & Kitchen,Storage,Casaro,39.99,17.38,2024-07-20,
170,Kopa Cotton Bath Towel Set 4-Pack,Home & Kitchen,Textiles,Kopa,32.99,13.09,2024-08-03,
171,Panela Baking Tray Set 3-Piece,Home & Kitchen,Cookware,Panela,32.99,15.43,2024-08-03,
172,Velora Women's Wool Blend Coat,Fashion,Outerwear,Velora,159.99,69.18,2024-08-05,
173,Hearthly Wool Blend Rug 120x170,Home & Kitchen,Textiles,Hearthly,99.99,40.3,2024-08-06,
174,Doggo Puppy Dry Food 3kg,Pets,Food,Doggo,24.99,20.2,2024-08-11,2026-07-10
175,Strata Compression Running Socks,Sports & Outdoors,Running,Strata,15.99,8.7,2024-08-13,
176,Nordtek AirBook 16 Laptop i7 16GB 1TB,Electronics,Computing,Nordtek,949.99,852.2,2024-09-02,
177,Urbana Unisex Windbreaker,Fashion,Outerwear,Urbana,64.99,26.95,2024-09-10,
178,Moda Nord Women's Trench Coat,Fashion,Outerwear,Moda Nord,129.99,63.96,2024-09-11,2025-08-20
179,Silka Ceramic Hair Straightener,Beauty & Care,Haircare,Silka,49.99,21.63,2024-09-11,
180,Kopa Microfiber Pillow 50x70,Home & Kitchen,Textiles,Kopa,16.49,5.79,2024-09-13,
181,Domus Bean-to-Cup Coffee Machine,Home & Kitchen,Appliances,Domus,399.99,290.84,2024-09-19,
182,Fjord Wear Men's Quilted Jacket,Fashion,Outerwear,Fjord Wear,99.99,38.58,2024-09-23,
183,Fjord Wear Women's Puffer Vest,Fashion,Outerwear,Fjord Wear,59.99,28.08,2024-09-24,
184,Tinko Jigsaw Puzzle 1000 pcs Old Town,Toys & Kids,Puzzles,Tinko,16.99,9.14,2024-09-24,2025-07-18
185,Strata Men's Road Running Shoes,Sports & Outdoors,Running,Strata,109.99,59.97,2024-10-05,
186,Tinko 3D Puzzle Castle,Toys & Kids,Puzzles,Tinko,24.99,14.93,2024-10-12,
187,Nordtek X3 5G Smartphone 256GB,Electronics,Phones,Nordtek,649.99,609.11,2024-10-15,
188,Mimi Baby Doll 35cm,Toys & Kids,Dolls,Mimi,27.99,15.53,2024-10-23,2025-10-05
189,Kidora Toy Doll Pram,Toys & Kids,Dolls,Kidora,34.99,20.52,2024-10-25,
190,Snoutz Pet Nail Clipper,Pets,Grooming,Snoutz,10.99,5.85,2024-10-26,
191,Lumea Soy Wax Candle Set 3-Pack,Home & Kitchen,Decor,Lumea,27.99,10.62,2024-10-28,
192,Snoutz Deshedding Brush,Pets,Grooming,Snoutz,24.99,10.98,2024-11-06,
193,Hortus Hammock with Stand,Garden,Furniture,Hortus,159.99,93.64,2025-02-08,
194,Silka Repair Conditioner 300ml,Beauty & Care,Haircare,Silka,11.49,5.85,2025-02-10,
195,Kopa Women's Basic Cotton T-Shirt,Fashion,Tops,Kopa,13.99,3.88,2025-02-13,
196,Fitora Kettlebell 12kg,Sports & Outdoors,Fitness,Fitora,39.99,25.69,2025-02-24,
197,Lumiere Lab Discovery Set 5x10ml,Beauty & Care,Fragrance,Lumiere Lab,39.99,23.26,2025-03-03,
198,Panela Chef's Knife 20cm,Home & Kitchen,Cookware,Panela,42.99,21.2,2025-03-05,
199,Hortus Garden Parasol 300cm,Garden,Furniture,Hortus,89.99,57.95,2025-03-06,
200,Verda Solar Path Lights 8-Pack,Garden,Lighting,Verda,32.99,13.86,2025-03-09,
201,Aktiva Goalkeeper Gloves,Sports & Outdoors,Team Sports,Aktiva,29.99,17.2,2025-03-10,
202,Voltis Nova 8 5G Smartphone 128GB,Electronics,Phones,Voltis,299.99,269.35,2025-03-20,
203,Voltis Nova 8 Pro 5G Smartphone 256GB,Electronics,Phones,Voltis,449.99,420.96,2025-03-20,
204,Hortus Folding Lounge Chair,Garden,Furniture,Hortus,69.99,38.99,2025-03-22,
205,Naturo Essential Oil Set 6x10ml,Beauty & Care,Wellness,Naturo,19.99,10.01,2025-03-24,
206,Bloomo Hanging Basket 2-Pack,Garden,Planters,Bloomo,19.99,10.44,2025-03-25,
207,Casaro 5-Tier Bookshelf,Home & Kitchen,Storage,Casaro,89.99,47.52,2025-04-05,
208,Hortus Acacia Bistro Set 3-Piece,Garden,Furniture,Hortus,209.99,134.67,2025-04-07,
209,Furro Orthopedic Dog Bed L,Pets,Beds,Furro,79.99,43.07,2025-04-08,
210,Panela Bamboo Cutting Board Set,Home & Kitchen,Cookware,Panela,24.99,13.72,2025-04-10,
211,Pumpa Garden Swing Seat,Toys & Kids,Outdoor Toys,Pumpa,37.99,20.6,2025-04-18,
212,Velora Women's Silk Scarf,Fashion,Accessories,Velora,39.99,16.77,2025-04-21,
213,Strata Women's Road Running Shoes,Sports & Outdoors,Running,Strata,99.99,56.06,2025-05-01,
214,Kopa Vacuum Storage Bags 6-Pack,Home & Kitchen,Storage,Kopa,15.99,7.21,2025-05-02,
215,Dermia Daily Moisturizer SPF30 50ml,Beauty & Care,Skincare,Dermia,19.99,7.98,2025-05-03,
216,Lumiere Lab Citrus Homme Eau de Toilette 100ml,Beauty & Care,Fragrance,Lumiere Lab,54.99,32.75,2025-05-06,
217,Domus Hand Blender Set,Home & Kitchen,Appliances,Domus,47.99,36.92,2025-06-06,
218,Linea Women's Long Sleeve Top,Fashion,Tops,Linea,22.99,8.78,2025-06-09,
219,Snoutz Cordless Pet Clipper,Pets,Grooming,Snoutz,42.99,17.22,2025-06-13,
220,Domus Electric Kettle 1.7L,Home & Kitchen,Appliances,Domus,29.99,21.1,2025-07-03,
221,Moda Nord Women's Slim Fit Jeans,Fashion,Bottoms,Moda Nord,49.99,20.32,2025-07-28,
222,Stilo Women's Leather Chelsea Boots,Fashion,Footwear,Stilo,109.99,48.52,2025-08-14,
223,Tinko Kids Floor Puzzle 48 pcs,Toys & Kids,Puzzles,Tinko,15.49,9.28,2024-09-03,
224,Pawly Rope Toy 3-Pack,Pets,Toys,Pawly,12.99,5.47,2025-09-08,
225,Fjord Wear Women's Down Parka,Fashion,Outerwear,Fjord Wear,199.99,91.85,2025-09-21,
226,Domus Countertop Blender 1.5L,Home & Kitchen,Appliances,Domus,59.99,44.7,2025-09-25,
227,Silka Argan Oil Hair Mask 200ml,Beauty & Care,Haircare,Silka,14.99,7.48,2025-10-02,
228,Urbana Unisex Canvas Sneakers,Fashion,Footwear,Urbana,54.99,27.59,2025-10-18,
229,Kopa Kitchen Towel Set 5-Pack,Home & Kitchen,Textiles,Kopa,11.99,4.33,2025-10-26,
230,Baltix Robot Vacuum S6,Electronics,Smart Home,Baltix,229.99,181.3,2025-10-27,
231,Tinko Jigsaw Puzzle 2000 pcs World Map,Toys & Kids,Puzzles,Tinko,27.99,14.61,2025-10-27,
232,Urbana Canvas Backpack 20L,Fashion,Accessories,Urbana,49.99,19.79,2025-11-06,
233,Bricko Classic Brick Box 790 pcs,Toys & Kids,Building,Bricko,39.99,24.82,2025-11-10,
234,Casaro Over-Door Hanging Organizer,Home & Kitchen,Storage,Casaro,16.99,8.38,2026-02-07,
235,Rovena Mini Bike Pump,Sports & Outdoors,Cycling,Rovena,19.99,12.15,2026-02-11,
236,Pixora 1080p Webcam with Microphone,Electronics,Computing,Pixora,44.99,31.83,2026-02-20,
237,Peakline 4-Person Family Tent,Sports & Outdoors,Camping,Peakline,249.99,147.81,2026-03-09,
238,Nordtek Boom Max Waterproof Speaker,Electronics,Audio,Nordtek,119.99,88.93,2026-03-16,
239,Domus Steam Iron 2400W,Home & Kitchen,Appliances,Domus,39.99,29.78,2026-03-22,
240,Pumpa Kids Kick Scooter,Toys & Kids,Outdoor Toys,Pumpa,49.99,25.3,2026-03-28,
241,Silka Men's Anti-Dandruff Shampoo 250ml,Beauty & Care,Haircare,Silka,8.99,4.41,2026-04-03,
242,Lumea Scented Candle Amber 200g,Home & Kitchen,Decor,Lumea,14.99,60.1,2026-04-09,
243,Furro Donut Cat Bed,Pets,Beds,Furro,29.99,15.71,2026-04-10,
244,Verda Rattan Lantern,Garden,Lighting,Verda,29.99,14.35,2026-04-18,
245,Zenit Studio Wired Over-Ear Headphones,Electronics,Audio,Zenit,49.99,37.5,2026-04-18,
246,Aktiva Football Shin Guards,Sports & Outdoors,Team Sports,Aktiva,14.99,9.17,2026-05-04,
247,Nordtek AirBook 14 Laptop i5 16GB 512GB,Electronics,Computing,Nordtek,799.99,714.11,2026-05-07,
248,Panela Cast Iron Casserole 4.5L,Home & Kitchen,Cookware,Panela,89.99,47.97,2026-05-09,
249,Lumiere Lab Rose Noir Eau de Parfum 50ml,Beauty & Care,Fragrance,Lumiere Lab,49.99,34.56,2026-05-11,
250,Moda Nord Women's Wide-Leg Trousers,Fashion,Bottoms,Moda Nord,44.99,17.38,2026-05-12,
251,Aktiva Wall-Mounted Basketball Hoop,Sports & Outdoors,Team Sports,Aktiva,89.99,50.46,2026-05-30,
252,Strata Women's Running Tights,Sports & Outdoors,Running,Strata,44.99,27.68,2026-06-01,
253,Verdane Ceramic Vase Large,Home & Kitchen,Decor,Verdane,34.99,15.41,2026-07-01,
254,Velora Women's Leather Crossbody Bag,Fashion,Accessories,Velora,69.99,22.42,2026-07-08,
255,Bricko Space Shuttle 1240 pcs,Toys & Kids,Building,Bricko,99.99,61.17,2026-07-15,
256,Hearthly Chunky Knit Throw Blanket,Home & Kitchen,Textiles,Hearthly,49.99,23.13,2026-07-15,
257,Kidora Fashion Doll with Accessories,Toys & Kids,Dolls,Kidora,19.99,10.77,2026-07-15,
258,Lumiere Lab Retinol Night Cream 50ml,Beauty & Care,Skincare,Lumiere Lab,32.99,12.94,2026-07-15,
259,Wonda Magnetic Drawing Board,Toys & Kids,Learning,Wonda,14.99,8.95,2024-09-03,
260,Wonda Science Experiment Kit,Toys & Kids,Learning,Wonda,24.99,13.56,2026-07-15,
